列車番号,,573H,441K,443K,575H,545K,541K,543K,551K,503K,501K,677H,605K,647K,607F,657K,120M,609K,691S,653K,637F,122M,613K,641K,615K,749K,683S,745K,721F,124M,759K,751K,747K,126M,4761S,725K,787F,753K,711K,128M,4763K,755K,815K,785S,220M,4865K,717K,739F,719K,130M,4867K,881K,823K,132M,4869S,889K,825K,805K,134M,4877K,911K,827S,959K,803K,222M,4971K,809K,813S,224M,953K,931K,941F,226M,955K,963K,987K,949F,228M,1003K,943K,937K,983F,1081K,947K,230M,1025K,921F,1005K,232M,1059K,1065F,1087K,234M,1153K,1085F,1137K,1163K,236M,1139F,1125K,1181K,1189F,238M,1159K,1247K,1127F,1253K,240M,1205K,1213F,1263K,1287K,1233F,242M,1281K,1337K,1249F,1347K,244M,1325K,1383F,1305K,1359K,1369F,246M,1387K,1453K,1365F,1437K,248M,1463K,1485F,1425K,1481K,1421F,250M,1459K,1547K,1441F,1553K,252M,1505K,1527F,1563K,1587K,1539F,254M,1581K,1637K,1533F,1647K,256M,1625K,1617F,1605K,136M,1659K,1631K,1683S,1613K,258M,1753K,1737K,1661S,138M,1711K,1649K,1725K,1765S,1771K,1707K,260M,1709K,1785S,1847K,262M,1787K,1803K,1769S,1859K,140M,1763K,1837K,1841S,1831K,1889K,264M,1825K,1827S,1953K,266M,1821K,1909K,1891S,1971K,1805K,268M,1903K,1943S,1947K,142M,1917K,1937K,1939S,2059K,144M,1913K,2025K,1911S,2031K,1933K,270M,2009K,2081S,2053K,146M,2007K,2021K,2087S,148M,2171K,2083K,2163K,2061S,2133K,272M,2085K,2107K,2169S,2137K,274M,2165K,2159K,2141S,276M,2225K,2113K,2203K,2127S,2231K,2105K,2253K,2249K,278M,2265S,2247K,2213K,2243K,2333K,150M,2239K,2305K,2285K,2337K,2313K,2321K,2325K,2469K,2405K,2820Y,2520Y,2822Y,3092M,2522Y,2824Y,2524Y,2826Y,3094M,2526Y,2828Y,2828Y,2528Y,3096M,4520Y,2830Y,1091M,2530Y,2532Y,4820Y,1083M,4522Y,2534Y,2832Y,4524Y,4822Y,2536Y,2834Y,4526Y,4824Y,2538Y,2836Y,4528Y,4826Y,2540Y,2838Y,4530Y,4828Y,2542Y,2840Y,4532Y,4830Y,2544Y,2842Y,4534Y,4832Y,2546Y,2844Y,4536Y,4834Y,2548Y,2846Y,2550Y,2848Y,2552Y,2850Y,2554Y,2852Y,2854Y,2556Y,2856Y,2558Y,2858Y,2560Y,2860Y,2862Y,2562Y,2864Y,2866Y,2564Y,2868Y,2566Y,2870Y,,,,,,591F,565F,521F,557F,671F,513F,683F,408S,511F,675F,492S,493F,673F,526S,527F,546S,547F,532S,533F,737F,771F,576S,577F,630S,631F,628S,629F,600S,775F,705F,622S,623F,753F,668S,669F,666S,667F,658S,659F,827F,648S,649F,734S,735F,702S,703F,742S,743F,832S,833F,714S,715F,855F,718S,719F,870S,871F,740S,741F,762S,763F,884S,885F,708S,709F,974S,975F,882S,927F,850S,851F,952S,953F,844S,845F,816S,817F,860S,861F,880S,881F,858H,972S,973F,906S,922H,910S,1015F,978S,979F,990S,991F,986S,987F,958H,1163F,1004S,1005F,1088S,1089F,1022H,1034S,1035F,1042H,1068S,1069F,1219F,1028S,1029F,1102S,1103F,1122H,1176S,1177F,1142H,1136S,1137F,1345F,1146S,1147F,1226S,1227F,1222H,1266S,1267F,1242H,1258S,1259F,1419F,1250S,1251F,1380S,1381F,1322H,1340S,1341F,1342H,1308S,1309F,1545F,1314S,1315F,1462S,1463F,1422H,1557F,1460S,1461F,1442H,1472S,1473F,1619F,1488S,1489F,1502S,1503F,1522H,1586S,1587F,1528H,1685F,1504S,1505F,1763F,1576S,1577F,1733F,1692S,1693F,1630S,1631F,1753F,1664S,1665F,1721F,1628H,1628S,1629F,1626S,1627F,1803F,1879F,1666S,1667F,2545M,1780S,1781F,1888S,1889F,1768S,1769F,1831F,1712S,1713F,1728H,1746S,1747F,2385M,1825F,1790S,1791F,1973F,1782S,1783F,1921F,1848S,1849F,1836S,1837F,1907F,1850S,1851F,1844S,1845F,1913F,1922S,1923F,2085F,1816S,1817F,1908S,1909F,1956S,1957F,2005F,1958S,2077F,1974S,1975F,1942S,1943F,2153F,1940S,1941F,2151F,1962S,1963F,2078S,2079F,2014S,2015F,2032S,2033F,2002S,2003F,2064S,2065F,2054S,2055F,2247F,2168S,2169F,2118S,2119F,2180S,2181F,2283F,2188S,2189F,2186S,2187F,2351F,2248S,2249F,3832M,2355F,2220S,2221F,2356S,2326S,,,,,,,,,,,,,,,,,2202M,2204M,2206M,2208M,2210M,2212M,2214M,2216M,2218M,2220M,2222M,2224M,2226M,2228M,2230M,2232M,2234M,2236M,2238M,2240M,2244M,2246M,2248M,2250M,2252M,2254M,2001M,2003M,2005M,2007M,2009M,2011M,2013M,2015M,2017M,2019M,2021M,2023M,2025M,2027M,2029M,2031M,2033M,2035M,2037M,2039M,2041M,2043M,2045M,2047M,2049M,2051M,2053M
種別,,普通,普通,普通,普通,普通,普通,普通,普通,普通,普通,普通,普通,普通,快速,普通,普通,普通,通勤快速,普通,快速,普通,普通,普通,普通,普通,通勤快速,普通,快速,普通,普通,普通,普通,普通,通勤快速,普通,快速,普通,普通,普通,普通,普通,普通,通勤快速,普通,普通,普通,快速,普通,普通,普通,普通,普通,普通,通勤快速,普通,普通,普通,普通,普通,普通,通勤快速,普通,普通,普通,普通,普通,通勤快速,普通,普通,普通,快速,普通,普通,普通,普通,快速,普通,普通,普通,普通,快速,普通,普通,普通,普通,快速,普通,普通,普通,快速,普通,普通,普通,快速,普通,普通,普通,快速,普通,普通,快速,普通,普通,普通,快速,普通,普通,普通,快速,普通,普通,快速,普通,普通,普通,快速,普通,普通,普通,快速,普通,普通,快速,普通,普通,普通,快速,普通,普通,普通,快速,普通,普通,快速,普通,普通,普通,快速,普通,普通,普通,快速,普通,普通,快速,普通,普通,普通,快速,普通,普通,普通,快速,普通,普通,普通,普通,通勤快速,普通,普通,普通,普通,通勤快速,普通,普通,普通,普通,通勤快速,普通,普通,普通,普通,通勤快速,普通,普通,普通,普通,通勤快速,普通,普通,普通,普通,通勤快速,普通,普通,普通,普通,通勤快速,普通,普通,普通,普通,通勤快速,普通,普通,普通,普通,通勤快速,普通,普通,普通,普通,通勤快速,普通,普通,普通,普通,通勤快速,普通,普通,普通,普通,通勤快速,普通,普通,普通,普通,通勤快速,普通,普通,普通,普通,通勤快速,普通,普通,普通,普通,通勤快速,普通,普通,普通,普通,通勤快速,普通,普通,普通,普通,通勤快速,普通,普通,普通,普通,普通,通勤快速,普通,普通,普通,普通,普通,普通,普通,普通,普通,普通,普通,普通,普通,普通,快速,普通,快速,特急,普通,快速,普通,快速,特急,普通,快速,快速,普通,特急,快速,快速,特急,普通,普通,特別快速,特急,快速,普通,快速,快速,特別快速,普通,快速,快速,特別快速,普通,快速,快速,特別快速,普通,快速,快速,特別快速,普通,快速,快速,特別快速,普通,快速,快速,特別快速,普通,快速,快速,特別快速,普通,快速,普通,快速,普通,快速,普通,快速,快速,普通,快速,普通,快速,普通,快速,快速,普通,快速,快速,普通,快速,普通,快速,,,,,,快速,快速,快速,快速,快速,快速,快速,普通,快速,快速,普通,快速,快速,普通,快速,普通,快速,普通,快速,快速,快速,普通,快速,普通,快速,普通,快速,普通,快速,快速,普通,快速,快速,普通,快速,普通,快速,普通,快速,快速,普通,快速,普通,快速,普通,快速,普通,快速,普通,快速,普通,快速,快速,普通,快速,普通,快速,普通,快速,普通,快速,普通,快速,普通,快速,普通,快速,普通,快速,普通,快速,普通,快速,普通,快速,普通,快速,普通,快速,普通,快速,普通,普通,快速,普通,普通,普通,快速,普通,快速,普通,快速,普通,快速,普通,快速,普通,快速,普通,快速,普通,普通,快速,普通,普通,快速,快速,普通,快速,普通,快速,普通,普通,快速,普通,普通,快速,快速,普通,快速,普通,快速,普通,普通,快速,普通,普通,快速,快速,普通,快速,普通,快速,普通,普通,快速,普通,普通,快速,快速,普通,快速,普通,快速,普通,快速,普通,快速,普通,普通,快速,快速,普通,快速,普通,快速,普通,普通,快速,普通,快速,普通,快速,快速,普通,快速,快速,普通,快速,普通,快速,快速,普通,快速,快速,普通,普通,快速,普通,快速,快速,快速,普通,快速,普通,普通,快速,普通,快速,普通,快速,快速,普通,快速,普通,普通,快速,普通,快速,普通,快速,快速,普通,快速,快速,普通,快速,普通,快速,快速,普通,快速,普通,快速,快速,普通,快速,快速,普通,快速,普通,快速,普通,快速,快速,普通,快速,普通,快速,普通,快速,快速,普通,快速,快速,普通,快速,普通,快速,普通,快速,普通,快速,普通,快速,普通,快速,普通,快速,快速,普通,快速,普通,快速,普通,快速,快速,普通,快速,普通,快速,快速,普通,快速,普通,快速,普通,快速,普通,普通,,,,,,,,,,,,,,,,,特急,特急,特急,特急,特急,特急,特急,特急,特急,特急,特急,特急,特急,特急,特急,特急,特急,特急,特急,特急,特急,特急,特急,特急,特急,特急,特急,特急,特急,特急,特急,特急,特急,特急,特急,特急,特急,特急,特急,特急,特急,特急,特急,特急,特急,特急,特急,特急,特急,特急,特急,特急,特急
列車名,,,,,,,,,,,,,,,,,,,,,,,,,,,,,,,,,,,,,,,,,,,,,,,,,,,,,,,,,,,,,,,,,,,,,,,,,,,,,,,,,,,,,,,,,,,,,,,,,,,,,,,,,,,,,,,,,,,,,,,,,,,,,,,,,,,,,,,,,,,,,,,,,,,,,,,,,,,,,,,,,,,,,,,,,,,,,,,,,,,,,,,,,,,,,,,,,,,,,,,,,,,,,,,,,,,,,,,,,,,,,,,,,,,,,,,,,,,,,,,,,,,,,,,,,,,,,,,,,,,,,,,,,,,,,,,,,,,,,,,,,,,,,,,,,,,,,,,,,,,,,,,,,,,,,,,,,,,,,,,,,,,,,,,,,,,,,,,,,,,,,,,,,,,,,,,,,,,,,,,,,,,,,,,,,,,,,,,,,,,,,,,,,,,,,,,,,,,,,,,,,,,,,,,,,,,,,,,,,,,,,,,,,,,,,,,,,,,,,,,,,,,,,,,,,,,,,,,,,,,,,,,,,,,,,,,,,,,,,,,,,,,,,,,,,,,,,,,,,,,,,,,,,,,,,,,,,,,,,,,,,,,,,,,,,,,,,,,,,,,,,,,,,,,,,,,,,,,,,,,,,,,,,,,,,,,,,,,,,,,,,,,,,,,,,,,,,,,,,,,,,,,,,,,,,,,,,,,,,,,,,,,,特急 成田エクスプレス2号,特急 成田エクスプレス4号,特急 成田エクスプレス6号,特急 成田エクスプレス8号,特急 成田エクスプレス10号,特急 成田エクスプレス12号,特急 成田エクスプレス14号,特急 成田エクスプレス16号,特急 成田エクスプレス18号,特急 成田エクスプレス20号,特急 成田エクスプレス22号,特急 成田エクスプレス24号,特急 成田エクスプレス26号,特急 成田エクスプレス28号,特急 成田エクスプレス30号,特急 成田エクスプレス32号,特急 成田エクスプレス34号,特急 成田エクスプレス36号,特急 成田エクスプレス38号,特急 成田エクスプレス40号,特急 成田エクスプレス44号,特急 成田エクスプレス46号,特急 成田エクスプレス48号,特急 成田エクスプレス50号,特急 成田エクスプレス52号,特急 成田エクスプレス54号,特急 成田エクスプレス1号,特急 成田エクスプレス3号,特急 成田エクスプレス5号,特急 成田エクスプレス7号,特急 成田エクスプレス9号,特急 成田エクスプレス11号,特急 成田エクスプレス13号,特急 成田エクスプレス15号,特急 成田エクスプレス17号,特急 成田エクスプレス19号,特急 成田エクスプレス21号,特急 成田エクスプレス23号,特急 成田エクスプレス25号,特急 成田エクスプレス27号,特急 成田エクスプレス29号,特急 成田エクスプレス31号,特急 成田エクスプレス33号,特急 成田エクスプレス35号,特急 成田エクスプレス37号,特急 成田エクスプレス39号,特急 成田エクスプレス41号,特急 成田エクスプレス43号,特急 成田エクスプレス45号,特急 成田エクスプレス47号,特急 成田エクスプレス49号,特急 成田エクスプレス51号,特急 成田エクスプレス53号
始発駅,,南古谷,池袋,池袋,南古谷,池袋,池袋,池袋,池袋,池袋,新宿,南古谷,新宿,池袋,新宿,新宿,海老名,新宿,新宿,新宿,大崎,海老名,新宿,新宿,新宿,新宿,大崎,新宿,新宿,海老名,大崎,新宿,新宿,海老名,新宿,新宿,大崎,新宿,大崎,海老名,新宿,大崎,新宿,大崎,海老名,新宿,大崎,大崎,大崎,海老名,新宿,大崎,大崎,海老名,新宿,大崎,新宿,大崎,海老名,新宿,新宿,大崎,新宿,大崎,海老名,新宿,大崎,大崎,海老名,新宿,大崎,大崎,海老名,新宿,大崎,新宿,大崎,海老名,新宿,大崎,大崎,大崎,新宿,大崎,海老名,新宿,大崎,新宿,海老名,新宿,大崎,新宿,海老名,新宿,大崎,新宿,新宿,海老名,大崎,新宿,新宿,大崎,海老名,新宿,新宿,大崎,新宿,海老名,新宿,大崎,新宿,新宿,大崎,海老名,新宿,新宿,大崎,新宿,海老名,新宿,大崎,新宿,新宿,大崎,海老名,新宿,新宿,大崎,新宿,海老名,新宿,大崎,新宿,新宿,大崎,海老名,新宿,新宿,大崎,新宿,海老名,新宿,大崎,新宿,新宿,大崎,海老名,新宿,新宿,大崎,新宿,海老名,新宿,大崎,新宿,海老名,新宿,新宿,大崎,大崎,海老名,新宿,新宿,大崎,海老名,新宿,大崎,新宿,大崎,新宿,大崎,海老名,新宿,大崎,新宿,海老名,大崎,新宿,大崎,新宿,海老名,大崎,新宿,大崎,新宿,大崎,海老名,新宿,大崎,新宿,海老名,大崎,新宿,大崎,新宿,大崎,海老名,新宿,大崎,新宿,海老名,大崎,新宿,大崎,新宿,海老名,大崎,新宿,大崎,新宿,大崎,海老名,新宿,大崎,新宿,海老名,大崎,新宿,大崎,海老名,新宿,大崎,新宿,大崎,新宿,海老名,大崎,新宿,大崎,新宿,海老名,大崎,新宿,大崎,海老名,新宿,大崎,新宿,大崎,新宿,大崎,新宿,大崎,海老名,新宿,大崎,新宿,大崎,新宿,海老名,大崎,新宿,大崎,新宿,新宿,大崎,新宿,新宿,池袋,国府津,大船,国府津,小田原,逗子,国府津,大船,小田原,小田原,逗子,小田原,小田原,逗子,小田原,大船,平塚,新宿,大船,大船,平塚,新宿,大船,逗子,平塚,逗子,小田原,大船,国府津,逗子,小田原,逗子,平塚,逗子,小田原,逗子,平塚,逗子,小田原,逗子,平塚,逗子,小田原,逗子,平塚,逗子,小田原,逗子,国府津,逗子,小田原,逗子,平塚,逗子,小田原,逗子,平塚,逗子,小田原,小田原,逗子,平塚,逗子,小田原,逗子,国府津,小田原,逗子,小田原,国府津,逗子,平塚,大船,国府津,,,,,,津田沼,東京,東京,津田沼,津田沼,東京,津田沼,久里浜,東京,津田沼,久里浜,東京,津田沼,久里浜,東京,久里浜,東京,久里浜,東京,東京,東京,久里浜,東京,横須賀,東京,久里浜,東京,逗子,東京,東京,逗子,東京,東京,久里浜,東京,逗子,東京,久里浜,東京,東京,久里浜,東京,大船,東京,逗子,東京,久里浜,東京,品川,東京,大船,東京,東京,久里浜,東京,品川,東京,逗子,東京,久里浜,東京,逗子,東京,久里浜,東京,品川,東京,逗子,東京,久里浜,東京,品川,東京,久里浜,東京,逗子,東京,久里浜,東京,逗子,東京,久里浜,逗子,東京,逗子,久里浜,逗子,東京,大船,東京,久里浜,東京,逗子,東京,久里浜,東京,逗子,東京,逗子,東京,久里浜,逗子,東京,久里浜,逗子,東京,東京,久里浜,東京,逗子,東京,久里浜,逗子,東京,久里浜,逗子,東京,東京,久里浜,東京,逗子,東京,久里浜,逗子,東京,久里浜,逗子,東京,東京,久里浜,東京,逗子,東京,久里浜,逗子,東京,久里浜,逗子,東京,東京,久里浜,東京,逗子,東京,久里浜,東京,逗子,東京,久里浜,逗子,東京,東京,久里浜,東京,逗子,東京,久里浜,逗子,東京,久里浜,東京,逗子,東京,東京,久里浜,東京,東京,大船,東京,久里浜,東京,東京,大船,東京,東京,久里浜,逗子,東京,横須賀,東京,東京,東京,久里浜,東京,鹿島神宮,逗子,東京,品川,東京,久里浜,東京,東京,大船,東京,久里浜,逗子,東京,成東,東京,横須賀,東京,東京,久里浜,東京,東京,大船,東京,久里浜,東京,東京,逗子,東京,久里浜,東京,東京,大船,東京,東京,久里浜,東京,逗子,東京,久里浜,東京,東京,久里浜,東京,久里浜,東京,横須賀,東京,東京,久里浜,東京,東京,久里浜,東京,逗子,東京,久里浜,東京,久里浜,東京,逗子,東京,久里浜,東京,久里浜,東京,東京,逗子,東京,久里浜,東京,久里浜,東京,東京,横須賀,東京,久里浜,東京,東京,久里浜,東京,逗子,東京,久里浜,東京,逗子,久里浜,,,,,,,,,,,,,,,,,東京,東京,東京,東京,東京,東京,東京,東京,東京,東京,東京,東京,東京,東京,東京,東京,東京,東京,東京,東京,東京,東京,東京,東京,東京,東京,大船,大船,大船,大船,空港第２ビル,大船,空港第２ビル,大船,空港第２ビル,大船,空港第２ビル,大船,空港第２ビル,大船,空港第２ビル,大船,空港第２ビル,大船,空港第２ビル,大船,空港第２ビル,大船,千葉,大船,千葉,大船,大船
終着駅,,八王子,赤羽,赤羽,拝島,川越,大宮,川越,大宮,川越,大宮,八王子,大宮,武蔵浦和,川越,大宮,新宿,大宮,川越,武蔵浦和,川越,新宿,大宮,大宮,武蔵浦和,大宮,川越,武蔵浦和,川越,新宿,大宮,武蔵浦和,大宮,新宿,川越,武蔵浦和,川越,大宮,武蔵浦和,新宿,赤羽,大宮,大宮,川越,新宿,大宮,武蔵浦和,川越,大宮,新宿,赤羽,大宮,大宮,新宿,川越,武蔵浦和,大宮,大宮,新宿,池袋,大宮,川越,大宮,赤羽,新宿,大宮,池袋,川越,新宿,大宮,池袋,川越,新宿,大宮,大宮,武蔵浦和,川越,新宿,大宮,大宮,武蔵浦和,川越,大宮,大宮,新宿,武蔵浦和,川越,大宮,新宿,武蔵浦和,川越,大宮,新宿,武蔵浦和,川越,大宮,武蔵浦和,新宿,川越,大宮,武蔵浦和,川越,新宿,大宮,武蔵浦和,川越,大宮,新宿,武蔵浦和,川越,大宮,武蔵浦和,川越,新宿,大宮,武蔵浦和,川越,大宮,新宿,武蔵浦和,川越,大宮,武蔵浦和,川越,新宿,大宮,武蔵浦和,川越,大宮,新宿,武蔵浦和,川越,大宮,武蔵浦和,川越,新宿,大宮,武蔵浦和,川越,大宮,新宿,武蔵浦和,川越,大宮,武蔵浦和,川越,新宿,大宮,武蔵浦和,川越,大宮,新宿,武蔵浦和,川越,大宮,新宿,大宮,大宮,川越,大宮,新宿,大宮,武蔵浦和,川越,新宿,大宮,川越,武蔵浦和,川越,大宮,大宮,新宿,武蔵浦和,川越,大宮,新宿,大宮,武蔵浦和,川越,大宮,新宿,川越,武蔵浦和,川越,大宮,大宮,新宿,武蔵浦和,川越,大宮,新宿,大宮,武蔵浦和,川越,大宮,大宮,新宿,川越,川越,大宮,新宿,大宮,大宮,川越,大宮,新宿,赤羽,大宮,川越,大宮,赤羽,新宿,川越,川越,大宮,新宿,赤羽,大宮,川越,新宿,大宮,赤羽,川越,川越,大宮,新宿,赤羽,川越,川越,大宮,新宿,赤羽,川越,川越,新宿,大宮,赤羽,川越,川越,大宮,赤羽,大宮,川越,新宿,川越,大宮,赤羽,川越,大宮,新宿,川越,赤羽,川越,大宮,赤羽,川越,大宮,大宮,赤羽,高崎,小金井,籠原,新宿,小金井,高崎,宇都宮,籠原,新宿,小金井,高崎,高崎,小金井,新宿,宇都宮,籠原,東武日光,宇都宮,古河,高崎,鬼怒川温泉,宇都宮,小金井,籠原,宇都宮,高崎,宇都宮,籠原,宇都宮,高崎,宇都宮,籠原,宇都宮,高崎,宇都宮,籠原,宇都宮,高崎,宇都宮,籠原,宇都宮,高崎,宇都宮,籠原,宇都宮,高崎,古河,籠原,宇都宮,高崎,小金井,籠原,宇都宮,高崎,小金井,籠原,古河,籠原,籠原,宇都宮,前橋,古河,籠原,古河,前橋,籠原,宇都宮,籠原,高崎,小金井,高崎,小金井,籠原,,,,,,上総一ノ宮,成田空港,君津,成田空港,千葉,佐倉,千葉,東京,佐倉,千葉,東京,成田空港,千葉,東京,千葉,東京,君津,東京,津田沼,成田空港,津田沼,東京,君津,東京,津田沼,東京,千葉,東京,津田沼,津田沼,東京,千葉,津田沼,東京,千葉,東京,君津,東京,成田空港,津田沼,東京,千葉,東京,津田沼,東京,千葉,東京,千葉,東京,津田沼,東京,千葉,津田沼,東京,上総一ノ宮,東京,津田沼,東京,君津,東京,千葉,東京,津田沼,東京,成田空港,東京,津田沼,東京,千葉,東京,千葉,東京,津田沼,東京,上総一ノ宮,東京,津田沼,東京,君津,東京,千葉,逗子,東京,成田空港,東京,逗子,東京,千葉,東京,津田沼,東京,千葉,東京,君津,逗子,千葉,東京,成田空港,東京,千葉,逗子,東京,千葉,逗子,東京,君津,千葉,東京,成田空港,東京,千葉,逗子,東京,千葉,逗子,東京,君津,千葉,東京,成田空港,東京,千葉,逗子,東京,千葉,逗子,東京,君津,千葉,東京,成田空港,東京,千葉,逗子,東京,上総一ノ宮,逗子,東京,君津,千葉,東京,成田空港,東京,千葉,逗子,千葉,東京,上総一ノ宮,逗子,東京,君津,成田空港,東京,千葉,東京,千葉,逗子,東京,成田空港,逗子,君津,東京,上総一ノ宮,津田沼,東京,成田空港,千葉,東京,千葉,東京,津田沼,君津,東京,津田沼,千葉,逗子,東京,成田空港,東京,上総一ノ宮,千葉,津田沼,東京,成田空港,鹿島神宮,東京,千葉,東京,千葉,東京,千葉,君津,東京,津田沼,逗子,東京,成田空港,成東,千葉,東京,上総一ノ宮,津田沼,東京,成田空港,千葉,東京,津田沼,東京,成田,君津,東京,千葉,東京,千葉,千葉,東京,上総一ノ宮,君津,東京,成田空港,東京,千葉,東京,千葉,君津,東京,佐倉,東京,千葉,東京,佐倉,上総一ノ宮,東京,千葉,千葉,東京,成田空港,東京,君津,東京,成田,東京,千葉,東京,佐倉,東京,成田空港,東京,千葉,千葉,東京,津田沼,東京,千葉,東京,千葉,佐倉,東京,千葉,東京,千葉,千葉,東京,千葉,大船,津田沼,東京,千葉,品川,品川,,,,,,,,,,,,,,,,,新宿,新宿,新宿,新宿,新宿,新宿,新宿,新宿,新宿,新宿,新宿,新宿,新宿,新宿,新宿,新宿,新宿,新宿,新宿,新宿,新宿,新宿,新宿,新宿,新宿,新宿,成田空港,成田空港,成田空港,成田空港,成田空港,成田空港,成田空港,成田空港,成田空港,成田空港,成田空港,成田空港,成田空港,成田空港,成田空港,成田空港,成田空港,成田空港,成田空港,成田空港,成田空港,成田空港,成田空港,成田空港,成田空港,成田空港,成田空港
羽沢横浜国大,発,,,,,,,,,,,,,,,,547,,,,,605,,,,,,,,636,,,,654,,,,,,714,,,,,730,,,,,751,,,,804,,,,,818,,,,,,837,,,,850,,,,902,,,,,921,,,,,,,948,,,,1003,,,,1025,,,,,1052,,,,,1117,,,,,1147,,,,,,1217,,,,,1247,,,,,,1317,,,,,1347,,,,,,1417,,,,,1447,,,,,,1517,,,,,1547,,,,1607,,,,,1626,,,,1646,,,,,,,1706,,,,1727,,,,,1748,,,,,,1809,,,,1826,,,,,,1848,,,,1908,,,,,1926,,,,,,1955,,,,2007,,,,2025,,,,,,2043,,,,,2107,,,,2126,,,,,,,,,2202,,,,,,2233,,,,,,,,,,,,,,,,,,,,,,,,,,,,,,,,,,,,,,,,,,,,,,,,,,,,,,,,,,,,,,,,,,,,,,,,,,,,,,,,,,,,,,,,,,,,,,,,,,,,,,,,,,,,,,,,,,,,,,,,,,,,,,,,,,,,,,,,,,,,,,,,,,,,,,,,,,,,,,,,,,,,,,,,,,,,,,,,,,,,,,,,,,,,,,,,,,,,,,,,,,,,,,,,,,,,,,,,,,,,,,,,,,,,,,,,,,,,,,,,,,,,,,,,,,,,,,,,,,,,,,,,,,,,,,,,,,,,,,,,,,,,,,,,,,,,,,,,,,,,,,,,,,,,,,,,,,,,,,,,,,,,,,,,,,,,,,,,,,,,,,,,,,,,,,,,,,,,,,,,,,,,,,,,,,,,,,,,,,,,,,,,,,,,,,,,,,,,,,,,,,,,,,,,,,,,,,,,,,,,,,,,,,
武蔵小杉,着,,,,,,,,,,,,,,,,601,,,,,619,,,,,,,,650,,,,708,,,,,,728,,,,,744,,,,,805,,,,818,,,,,832,,,,,,851,,,,904,,,,916,,,,,935,,,,,,,1002,,,,1017,,,,1039,,,,,1106,,,,,1131,,,,,1201,,,,,,1231,,,,,1301,,,,,,1331,,,,,1401,,,,,,1431,,,,,1501,,,,,,1531,,,,,1601,,,,1621,,,,,1640,,,,1700,,,,,,,1720,,,,1741,,,,,1802,,,,,,1823,,,,1840,,,,,,1902,,,,1922,,,,,1940,,,,,,2009,,,,2021,,,,2039,,,,,,2057,,,,,2121,,,,2140,,,,,,,,,2216,,,,,,2247,,,,,,,,,,636,659,714,,735,743,753,800,,815,819,819,829,,,858,,915,930,947,,,1022,1029,,1059,1114,1126,,1159,1214,1228,,1259,1314,1326,,1358,1414,1426,,1459,1514,1526,,1559,1613,1626,,1659,1715,1729,1746,1759,1812,1827,1844,1851,1901,1913,1930,1945,1959,2014,2033,2047,2059,2119,2136,2151,2208,2239,2310,,,,,,,,,,,,,533,,,550,,,614,,629,,644,,,,656,,704,,713,,718,,,725,,,733,,741,,748,,,756,,759,,805,,810,,,,817,,,825,,,,832,,841,,849,,854,,,,903,,912,,,,921,,927,,933,,944,,,951,,957,,1005,,1015,,1026,,1034,,,,1053,,1105,,,1121,,,1135,,,1153,,1205,,,1221,,,1235,,,1253,,1305,,,1321,,,1335,,,1353,,1405,,,1421,,,1435,,,1453,,1505,,,,1522,,,1535,,,1552,,1605,,,1617,,,,1632,,,1649,,,1656,,1705,,,1719,,,,1726,,1734,,,,1748,,,1756,,,,1805,,,1817,,,1822,,,,1833,,,1848,,,1857,,1906,,,1920,,1927,,,1935,,,1949,,1956,,2005,,,2019,,2030,,2041,,,2051,,,2104,,2110,,2117,,2125,,2132,,2143,,2155,,,2205,,2218,,2229,,,2244,,2257,,,2318,,,,2341,,2356,16,,,,,,,,,,,,,,,,,,,,,,,,,,,,,,,,,,,,,,,,,,,554,632,706,727,,836,,938,,1038,,1138,,1239,,1339,,1438,,1538,,1638,,1738,,1838,1938
武蔵小杉,発,,,,,,,,,,,,,,,,603,,,,,620,,,,,,,,654,,,,711,,,,,,731,,,,,747,,,,,809,,,,824,,,,,836,,,,,,853,,,,907,,,,920,,,,,937,,,,,,,1004,,,,1021,,,,1042,,,,,1109,,,,,1132,,,,,1203,,,,,,1233,,,,,1303,,,,,,1333,,,,,1403,,,,,,1433,,,,,1503,,,,,,1533,,,,,1603,,,,1623,,,,,1643,,,,1703,,,,,,,1723,,,,1742,,,,,1803,,,,,,1826,,,,1842,,,,,,1905,,,,1925,,,,,1944,,,,,,2009,,,,2024,,,,2039,,,,,,2103,,,,,2123,,,,2141,,,,,,,,,2216,,,,,,2248,,,,,,,,,,637,700,716,レ724,737,745,755,803,レ815,816,821,821,831,レ841,848,902,,916,931,948,,1009,1024,1030,1047,1100,1115,1127,1145,1200,1215,1228,1246,1300,1315,1327,1345,1359,1415,1427,1445,1500,1515,1527,1545,1600,1614,1627,1645,1700,1717,1730,1747,1800,1813,1830,1846,1852,1902,1915,1932,1946,2000,2016,2034,2048,2100,2120,2138,2152,2208,2240,2311,,,,,,,,,,,,,534,,,551,,,615,,630,,645,,,,657,,705,,714,,719,,,726,,,734,,742,,750,,,757,,800,,806,,811,,,,818,,,826,,,,833,,843,,850,,856,,,,904,,913,,,,922,,929,,934,,946,,,953,,958,,1006,,1016,,1027,,1035,,,,1055,,1106,,,1122,,,1136,,,1155,,1206,,,1222,,,1236,,,1255,,1306,,,1322,,,1336,,,1355,,1406,,,1422,,,1436,,,1455,,1507,,,,1523,,,1536,,,1553,,1606,,,1619,,,,1633,,,1650,,,1657,,1706,,,1720,,,,1727,,1735,,,,1750,,,1757,,,,1806,,,1819,,,1823,,,,1834,,,1849,,,1858,,1908,,,1921,,1928,,,1936,,,1950,,1957,,2006,,,2020,,2031,,2042,,,2053,,,2105,,2111,,2118,,2126,,2134,,2144,,2156,,,2206,,2219,,2230,,,2245,,2258,,,2319,,,,2343,,2357,17,,,,,,,,,,,,,,,,,,,,,,,,,,,,,,,,,,,,,,,,,,,555,634,708,729,,838,,940,,1039,,1139,,1240,,1340,,1439,,1539,,1639,,1739,,1839,1939
西大井,着,,,,,,,,,,,,,,,,608,,,,,625,,,,,,,,659,,,,716,,,,,,736,,,,,752,,,,,814,,,,829,,,,,841,,,,,,858,,,,912,,,,925,,,,,942,,,,,,,1009,,,,1026,,,,1047,,,,,1114,,,,,1137,,,,,1208,,,,,,1238,,,,,1308,,,,,,1338,,,,,1408,,,,,,1438,,,,,1508,,,,,,1538,,,,,1608,,,,1628,,,,,1648,,,,1708,,,,,,,1728,,,,1747,,,,,1808,,,,,,1831,,,,1847,,,,,,1910,,,,1930,,,,,1949,,,,,,2014,,,,2029,,,,2044,,,,,,2108,,,,,2128,,,,2146,,,,,,,,,2221,,,,,,2253,,,,,,,,,,,705,,,742,,800,,,821,,,836,,,,,921,936,,,,1029,,,,1120,,,,1220,,,,1320,,,,1420,,,,1520,,,,1619,,,,1722,,1752,,1818,,1851,,,1920,,1951,,2021,,,2105,,,2157,,2245,,,,,,,,,,,,,,539,,,556,,,620,,635,,650,,,,702,,710,,719,,724,,,731,,,739,,747,,755,,,802,,805,,811,,816,,,,823,,,831,,,,838,,848,,855,,901,,,,909,,918,,,,927,,934,,939,,951,,,958,,1003,,1011,,1021,,1032,,1040,,,,1100,,1111,,,1127,,,1141,,,1200,,1211,,,1227,,,1241,,,1300,,1311,,,1327,,,1341,,,1400,,1411,,,1427,,,1441,,,1500,,1512,,,,1528,,,1541,,,1558,,1611,,,1624,,,,1638,,,1655,,,1702,,1711,,,1725,,,,1732,,1740,,,,1755,,,1802,,,,1811,,,1824,,,1828,,,,1839,,,1854,,,1903,,1913,,,1926,,1933,,,1941,,,1955,,2002,,2011,,,2025,,2036,,2047,,,2058,,,2110,,2116,,2123,,2131,,2139,,2149,,2201,,,2211,,2224,,2235,,,2250,,2303,,,2324,,,,2348,,2,22,,,,,,,,,,,,,,,,,,,,,,,,,,,,,,,,,,,,,,,,,,,,,,,,,,,,,,,,,,,,,,,,,,,,,
西大井,発,,,,,,,,,,,,,,,,609,,,,,626,,,,,,,,659,,,,716,,,,,,737,,,,,753,,,,,814,,,,829,,,,,841,,,,,,859,,,,913,,,,925,,,,,942,,,,,,,1010,,,,1026,,,,1048,,,,,1115,,,,,1138,,,,,1208,,,,,,1239,,,,,1309,,,,,,1339,,,,,1409,,,,,,1439,,,,,1509,,,,,,1539,,,,,1609,,,,1629,,,,,1648,,,,1709,,,,,,,1729,,,,1747,,,,,1808,,,,,,1832,,,,1847,,,,,,1911,,,,1930,,,,,1949,,,,,,2015,,,,2030,,,,2045,,,,,,2108,,,,,2129,,,,2147,,,,,,,,,2222,,,,,,2253,,,,,,,,,,レ642,705,レ721,レ729,742,レ750,800,レ808,レ820,821,レ826,レ826,836,レ846,レ853,レ907,,921,937,レ953,,レ1014,1029,レ1035,レ1052,レ1105,1121,レ1132,レ1150,レ1205,1221,レ1233,レ1251,レ1305,1321,レ1332,レ1350,レ1404,1421,レ1432,レ1450,レ1505,1521,レ1532,レ1550,レ1605,1620,レ1632,レ1650,レ1705,1722,レ1735,1752,レ1805,1819,レ1835,1851,レ1857,レ1907,1920,レ1937,1952,レ2005,2021,レ2039,レ2053,2106,レ2125,レ2143,2158,レ2213,2245,レ2316,,,,,,,,,,,,,539,,,556,,,620,,636,,650,,,,702,,710,,719,,725,,,731,,,740,,747,,755,,,803,,806,,811,,817,,,,824,,,831,,,,838,,848,,856,,901,,,,910,,919,,,,927,,934,,939,,951,,,958,,1003,,1012,,1022,,1033,,1041,,,,1100,,1111,,,1127,,,1141,,,1200,,1211,,,1227,,,1241,,,1300,,1311,,,1327,,,1341,,,1400,,1411,,,1427,,,1441,,,1500,,1512,,,,1528,,,1541,,,1559,,1611,,,1624,,,,1638,,,1655,,,1702,,1712,,,1725,,,,1733,,1740,,,,1755,,,1803,,,,1811,,,1824,,,1828,,,,1839,,,1855,,,1904,,1913,,,1926,,1934,,,1941,,,1955,,2002,,2011,,,2025,,2037,,2047,,,2058,,,2111,,2116,,2123,,2132,,2139,,2149,,2201,,,2211,,2224,,2235,,,2250,,2303,,,2324,,,,2348,,2,22,,,,,,,,,,,,,,,,,,,,,,,,,,,,,,,,,,,,,,,,,,,レ600,レ639,レ713,レ734,,レ843,,レ945,,レ1044,,レ1144,,レ1245,,レ1345,,レ1444,,レ1544,,レ1644,,レ1744,,レ1844,レ1944
大崎,着,,,,,,,,,,,,,,,,612,,,,628,631,,,,,649,,,703,,,,720,,,730,,737,740,,749,,757,757,,805,809,815,818,,820,827,833,,834,,840,845,,,852,,859,903,,907,911,917,,920,927,929,,935,,944,946,,949,953,1001,,1011,1014,,1015,,1030,,1042,,1052,,1059,,,1119,1121,,,1139,1142,,,1201,,1212,,1221,,,1239,1242,,,1259,,1312,,1321,,,1339,1343,,,1359,,1412,,1421,,,1440,1442,,,1502,,1512,,1521,,,1539,1544,,,1602,,1612,,1620,,1633,,,1642,1649,1652,,,1707,1713,,1714,,1722,,1734,1734,,1746,,1752,1754,,1800,,1812,1815,,1826,,1831,1836,,1838,,1852,1853,,1904,,1911,1915,,1922,,1934,1937,,1944,,1953,1950,,2004,,2009,2018,,2021,,2034,2031,,2045,2050,,2053,,2102,,2112,2116,,2123,,2132,2135,,2143,2150,,2153,,2202,,2210,,2223,2225,,2235,,2245,,2257,2300,,2316,,,2334,,,,645,708,724,732,745,753,803,811,823,824,829,829,839,849,856,910,,924,940,956,,1017,1032,1038,1055,1108,1124,1135,1153,1208,1224,1236,1254,1308,1324,1335,1353,1407,1424,1435,1453,1508,1524,1535,1553,1608,1623,1635,1653,1708,1725,1738,1755,1808,1822,1838,1854,1900,1910,1923,1940,1955,2008,2024,2042,2056,2109,2128,2146,2201,2216,2248,2319,,,,,,,,,,,,,,,,,,,,,,,,,,,,,,,,,,,,,,,,,,,,,,,,,,,,,,,,,,,,,,,,,,,,,,,,,,,,,,,,,,,,,,,,,,,,,,,,,,,,,,,,,,,,,,,,,,,,,,,,,,,,,,,,,,,,,,,,,,,,,,,,,,,,,,,,,,,,,,,,,,,,,,,,,,,,,,,,,,,,,,,,,,,,,,,,,,,,,,,,,,,,,,,,,,,,,,,,,,,,,,,,,,,,,,,,,,,,,,,,,,,,,,,,,,,,,,,,,,,,,,,,,,,,,,,,,,,,,,,,,,,,,,,,,,,,,,,,,,,,,,,,,,,,,,,,,,,,,,,,,,,,,,,,,,,,,,,,,,,,,,,,
大崎,発,,,,,,,,,,,,,,,,613,,,,630,632,,,,,651,,,703,707,,,721,,,731,,738,741,,750,,800,802,,808,810,816,818,,821,828,833,,836,,844,846,,,853,,901,903,,910,913,917,,921,928,931,,937,,946,949,,951,954,1002,,1012,1016,,1020,,1031,,1043,,1053,,1103,,,1120,1122,,,1140,1143,,,1202,,1213,,1222,,,1241,1243,,,1302,,1313,,1322,,,1340,1346,,,1402,,1413,,1422,,,1441,1443,,,1503,,1513,,1522,,,1543,1545,,,1603,,1613,,1621,,1633,,,1644,1650,1652,,,1708,1713,,1716,,1723,,1735,1737,,1747,,1752,1755,,1805,,1813,1817,,1827,,1832,1837,,1844,,1852,1855,,1905,,1915,1917,,1923,,1936,1938,,1946,,1953,1951,,2005,,2014,2019,,2022,,2035,2032,,2046,2051,,2054,,2103,,2112,2117,,2124,,2133,2136,,2144,2151,,2154,,2205,,2214,,2224,2227,,2237,,2246,,2257,2303,,2317,,,2335,,,,646,709,727,733,747,755,805,813,824,826,831,831,840,849,857,915,,925,942,958,,1023,1034,1039,1057,1109,1125,1136,1156,1209,1225,1237,1255,1309,1325,1336,1355,1408,1425,1436,1455,1509,1525,1536,1555,1610,1625,1638,1656,1710,1727,1740,1757,1810,1823,1840,1857,1901,1912,1926,1941,1957,2011,2025,2043,2057,2110,2130,2147,2202,2217,2249,2320,,,,,,,,,,,,,,,,,,,,,,,,,,,,,,,,,,,,,,,,,,,,,,,,,,,,,,,,,,,,,,,,,,,,,,,,,,,,,,,,,,,,,,,,,,,,,,,,,,,,,,,,,,,,,,,,,,,,,,,,,,,,,,,,,,,,,,,,,,,,,,,,,,,,,,,,,,,,,,,,,,,,,,,,,,,,,,,,,,,,,,,,,,,,,,,,,,,,,,,,,,,,,,,,,,,,,,,,,,,,,,,,,,,,,,,,,,,,,,,,,,,,,,,,,,,,,,,,,,,,,,,,,,,,,,,,,,,,,,,,,,,,,,,,,,,,レ908,レ934,レ1010,レ1031,レ1101,レ1129,レ1201,レ1229,レ1301,レ1329,レ1401,レ1429,レ1501,レ1530,レ1601,レ1630,レ1702,レ1734,レ1801,レ1835,レ1933,レ2002,レ2027,レ2108,レ2200,レ2255,,,,,,,,,,,,,,,,,,,,,,,,,,,
恵比寿,着,,,,,,,,,,,,,,,,616,,,,633,635,,,,,654,,,706,710,,,724,,,734,,741,744,,753,,803,805,,811,813,819,821,,824,831,836,,839,,847,849,,,856,,904,906,,913,916,920,,924,931,934,,940,,949,952,,954,957,1005,,1015,1019,,1023,,1034,,1046,,1056,,1106,,,1123,1125,,,1143,1146,,,1205,,1216,,1225,,,1244,1246,,,1305,,1316,,1325,,,1343,1349,,,1405,,1416,,1425,,,1444,1446,,,1506,,1516,,1525,,,1546,1548,,,1606,,1616,,1624,,1636,,,1647,1653,1655,,,1711,1716,,1719,,1726,,1738,1740,,1750,,1755,1758,,1808,,1816,1820,,1830,,1835,1840,,1847,,1855,1858,,1908,,1918,1920,,1926,,1939,1941,,1949,,1956,1954,,2008,,2017,2022,,2025,,2038,2035,,2049,2054,,2057,,2106,,2115,2120,,2127,,2136,2139,,2147,2154,,2157,,2208,,2217,,2227,2230,,2240,,2249,,2300,2306,,2320,,,2338,,,,649,712,730,,750,758,808,816,,829,834,834,843,,900,918,,928,945,,,1026,1037,1042,1100,,1128,1139,1159,,1228,1240,1258,,1328,1339,1358,,1428,1439,1458,,1528,1539,1558,,1628,1641,1659,,1730,1743,1800,1813,1826,1843,1900,1904,1915,1929,1944,2000,2014,2028,2046,2100,2113,2133,2150,2205,2220,2252,2323,,,,,,,,,,,,,,,,,,,,,,,,,,,,,,,,,,,,,,,,,,,,,,,,,,,,,,,,,,,,,,,,,,,,,,,,,,,,,,,,,,,,,,,,,,,,,,,,,,,,,,,,,,,,,,,,,,,,,,,,,,,,,,,,,,,,,,,,,,,,,,,,,,,,,,,,,,,,,,,,,,,,,,,,,,,,,,,,,,,,,,,,,,,,,,,,,,,,,,,,,,,,,,,,,,,,,,,,,,,,,,,,,,,,,,,,,,,,,,,,,,,,,,,,,,,,,,,,,,,,,,,,,,,,,,,,,,,,,,,,,,,,,,,,,,,,,,,,,,,,,,,,,,,,,,,,,,,,,,,,,,,,,,,,,,,,,,,,,,,,,,,,
恵比寿,発,,,,,,,,,,,,,,,,617,,,,634,636,,,,,656,,,708,711,,,725,,,735,,742,745,,754,,804,806,,812,815,820,823,,825,832,837,,840,,848,850,,,857,,905,908,,914,917,921,,925,933,936,,941,,950,953,,955,959,1006,,1017,1020,,1024,,1036,,1048,,1057,,1107,,,1124,1127,,,1145,1147,,,1207,,1217,,1226,,,1245,1247,,,1306,,1317,,1326,,,1345,1350,,,1407,,1417,,1427,,,1445,1447,,,1508,,1517,,1526,,,1547,1550,,,1607,,1617,,1625,,1637,,,1649,1654,1657,,,1712,1717,,1721,,1728,,1739,1741,,1751,,1757,1759,,1809,,1817,1821,,1831,,1836,1841,,1848,,1856,1859,,1909,,1919,1921,,1928,,1940,1943,,1950,,1958,1955,,2009,,2018,2023,,2027,,2039,2036,,2050,2055,,2058,,2108,,2117,2121,,2128,,2137,2140,,2148,2155,,2158,,2209,,2218,,2229,2231,,2241,,2250,,2302,2307,,2322,,,2339,,,,650,714,731,レ736,751,759,809,817,レ827,830,835,835,845,レ852,902,919,,930,946,レ1001,,1027,1038,1043,1101,レ1112,1129,1140,1200,レ1212,1229,1241,1300,レ1312,1329,1341,1400,レ1411,1429,1440,1459,レ1512,1529,1540,1559,レ1613,1629,1642,1700,レ1713,1731,1744,1802,1814,1828,1844,1901,1905,1916,1930,1946,2002,2015,2030,2047,2101,2114,2135,2152,2206,2222,2254,2325,,,,,,,,,,,,,,,,,,,,,,,,,,,,,,,,,,,,,,,,,,,,,,,,,,,,,,,,,,,,,,,,,,,,,,,,,,,,,,,,,,,,,,,,,,,,,,,,,,,,,,,,,,,,,,,,,,,,,,,,,,,,,,,,,,,,,,,,,,,,,,,,,,,,,,,,,,,,,,,,,,,,,,,,,,,,,,,,,,,,,,,,,,,,,,,,,,,,,,,,,,,,,,,,,,,,,,,,,,,,,,,,,,,,,,,,,,,,,,,,,,,,,,,,,,,,,,,,,,,,,,,,,,,,,,,,,,,,,,,,,,,,,,,,,,,,レ911,レ937,レ1013,レ1034,レ1104,レ1132,レ1204,レ1232,レ1304,レ1332,レ1404,レ1432,レ1504,レ1533,レ1604,レ1633,レ1705,レ1737,レ1804,レ1838,レ1936,レ2005,レ2030,レ2111,レ2203,レ2258,,,,,,,,,,,,,,,,,,,,,,,,,,,
渋谷,着,,,,,,,,,,,,,,,,618,,,,635,637,,,,,657,,,709,712,,,726,,,736,,743,746,,755,,805,807,,813,816,821,824,,826,833,838,,841,,849,851,,,858,,906,909,,915,918,922,,926,934,937,,942,,951,954,,956,1000,1007,,1018,1021,,1025,,1037,,1049,,1058,,1108,,,1125,1128,,,1146,1148,,,1208,,1218,,1227,,,1246,1248,,,1307,,1318,,1327,,,1346,1351,,,1408,,1418,,1428,,,1446,1448,,,1509,,1518,,1527,,,1548,1551,,,1608,,1618,,1626,,1638,,,1650,1655,1658,,,1713,1718,,1722,,1729,,1740,1742,,1752,,1758,1800,,1810,,1818,1822,,1832,,1837,1842,,1849,,1857,1900,,1910,,1920,1922,,1929,,1941,1944,,1951,,1959,1956,,2010,,2019,2024,,2028,,2040,2037,,2051,2056,,2059,,2109,,2118,2122,,2129,,2138,2141,,2149,2156,,2159,,2210,,2219,,2230,2232,,2242,,2251,,2303,2308,,2323,,,2340,,,,651,715,732,738,752,800,810,818,829,831,836,836,846,854,903,920,,931,947,1003,,1028,1039,1044,1102,1114,1130,1141,1201,1214,1230,1242,1301,1314,1330,1342,1401,1413,1430,1441,1500,1514,1530,1541,1600,1615,1630,1643,1701,1715,1732,1745,1803,1815,1829,1845,1902,1906,1917,1931,1947,2003,2016,2031,2048,2102,2115,2136,2153,2207,2223,2255,2326,,,,,,,,,,,,,,,,,,,,,,,,,,,,,,,,,,,,,,,,,,,,,,,,,,,,,,,,,,,,,,,,,,,,,,,,,,,,,,,,,,,,,,,,,,,,,,,,,,,,,,,,,,,,,,,,,,,,,,,,,,,,,,,,,,,,,,,,,,,,,,,,,,,,,,,,,,,,,,,,,,,,,,,,,,,,,,,,,,,,,,,,,,,,,,,,,,,,,,,,,,,,,,,,,,,,,,,,,,,,,,,,,,,,,,,,,,,,,,,,,,,,,,,,,,,,,,,,,,,,,,,,,,,,,,,,,,,,,,,,,,,,,,,,,,,,912,938,1014,1035,1105,1133,1205,1233,1305,1333,1405,1433,1505,1534,1605,1634,1706,1738,1805,1839,1937,2006,2031,2112,2204,2259,,,,,,,,,,,,,,,,,,,,,,,,,,,
渋谷,発,,,,,,,,,,,,,,,,619,,,,636,639,,,,,658,,,710,713,,,727,,,737,,744,748,,756,,807,809,,815,817,823,825,,828,835,840,,842,,850,853,,,859,,908,910,,917,919,924,,928,935,938,,943,,952,955,,958,1001,1009,,1019,1022,,1026,,1038,,1050,,1059,,1110,,,1126,1129,,,1147,1149,,,1209,,1219,,1229,,,1247,1250,,,1309,,1319,,1329,,,1347,1352,,,1409,,1419,,1429,,,1447,1450,,,1510,,1519,,1529,,,1550,1552,,,1610,,1619,,1628,,1640,,,1651,1657,1659,,,1714,1720,,1723,,1730,,1741,1744,,1753,,1759,1802,,1812,,1819,1824,,1833,,1839,1844,,1851,,1859,1901,,1912,,1921,1924,,1930,,1942,1945,,1953,,2000,1958,,2012,,2021,2025,,2029,,2041,2039,,2053,2057,,2101,,2110,,2119,2123,,2131,,2140,2143,,2151,2157,,2201,,2212,,2221,,2231,2233,,2244,,2253,,2304,2310,,2324,,,2341,,,,652,716,733,740,753,802,811,819,830,832,837,837,847,855,904,922,,932,949,1004,,1029,1040,1045,1103,1115,1132,1143,1203,1215,1231,1244,1302,1314,1332,1343,1402,1414,1432,1442,1502,1515,1531,1542,1602,1615,1631,1644,1703,1717,1734,1746,1804,1816,1830,1847,1904,1908,1918,1933,1948,2004,2017,2032,2049,2104,2117,2137,2154,2208,2224,2256,2327,,,,,,,,,,,,,,,,,,,,,,,,,,,,,,,,,,,,,,,,,,,,,,,,,,,,,,,,,,,,,,,,,,,,,,,,,,,,,,,,,,,,,,,,,,,,,,,,,,,,,,,,,,,,,,,,,,,,,,,,,,,,,,,,,,,,,,,,,,,,,,,,,,,,,,,,,,,,,,,,,,,,,,,,,,,,,,,,,,,,,,,,,,,,,,,,,,,,,,,,,,,,,,,,,,,,,,,,,,,,,,,,,,,,,,,,,,,,,,,,,,,,,,,,,,,,,,,,,,,,,,,,,,,,,,,,,,,,,,,,,,,,,,,,,,,,913,940,1015,1035,1106,1135,1205,1234,1304,1335,1405,1434,1505,1535,1605,1634,1706,1737,1808,1841,1939,2008,2034,2113,2203,2306,,,,,,,,,,,,,,,,,,,,,,,,,,,
新宿,着,,,,,,,,,,,,,,,,624,,,,640,644,,,,,702,,,715,717,,,732,,,741,,748,753,,800,,811,814,,819,821,827,829,,832,839,845,,846,,854,857,,,903,,912,915,,921,923,929,,932,939,943,,947,,956,1000,,1002,1005,1013,,1023,1027,,1030,,1043,,1054,,1104,,1114,,,1131,1133,,,1151,1154,,,1213,,1224,,1233,,,1251,1255,,,1313,,1325,,1333,,,1351,1357,,,1413,,1425,,1433,,,1451,1455,,,1514,,1524,,1533,,,1554,1557,,,1614,,1624,,1632,,1645,,,1655,1701,1704,,,1718,1725,,1727,,1734,,1745,1749,,1757,,1804,1806,,1816,,1824,1828,,1837,,1843,1849,,1855,,1904,1905,,1916,,1925,1929,,1934,,1947,1949,,1957,,2005,2002,,2016,,2025,2030,,2033,,2046,2043,,2057,2102,,2105,,2114,,2124,2127,,2135,,2145,2147,,2155,2202,,2205,,2216,,2225,,2235,2238,,2248,,2257,,2309,2314,,2328,,,2345,,,,657,721,738,744,758,808,816,824,835,837,842,842,853,900,909,927,,936,953,1008,,1035,1045,1050,1108,1120,1137,1147,1207,1219,1237,1248,1307,1319,1337,1347,1407,1419,1437,1447,1506,1519,1536,1547,1606,1619,1637,1649,1708,1722,1739,1751,1809,1822,1835,1852,1908,1912,1923,1938,1953,2009,2022,2038,2054,2109,2122,2142,2158,2213,2229,2301,2332,,,,,,,,,,,,,,,,,,,,,,,,,,,,,,,,,,,,,,,,,,,,,,,,,,,,,,,,,,,,,,,,,,,,,,,,,,,,,,,,,,,,,,,,,,,,,,,,,,,,,,,,,,,,,,,,,,,,,,,,,,,,,,,,,,,,,,,,,,,,,,,,,,,,,,,,,,,,,,,,,,,,,,,,,,,,,,,,,,,,,,,,,,,,,,,,,,,,,,,,,,,,,,,,,,,,,,,,,,,,,,,,,,,,,,,,,,,,,,,,,,,,,,,,,,,,,,,,,,,,,,,,,,,,,,,,,,,,,,,,,,,,,,,,,,,,918,945,1020,1041,1111,1141,1211,1241,1311,1341,1411,1441,1511,1541,1611,1641,1712,1743,1813,1846,1945,2013,2040,2118,2209,2312,,,,,,,,,,,,,,,,,,,,,,,,,,,
新宿,発,,,,,,,,,,555,,603,,614,620,,625,632,635,642,,646,651,655,700,704,708,714,,718,724,728,,734,737,742,746,750,,756,801,806,811,,815,819,822,828,,832,835,840,,846,851,853,857,,859,901,904,910,913,,918,921,925,,929,932,940,,943,948,951,957,,1001,1004,1006,1014,1018,1025,,1028,1033,1038,,1048,1055,1059,,1107,1115,1117,1127,,1134,1137,1147,1154,,1157,1208,1214,1217,,1227,1234,1237,1248,1254,,1257,1307,1314,1317,,1327,1334,1337,1347,1355,,1359,1407,1414,1417,,1426,1434,1437,1448,1454,,1457,1507,1515,1517,,1527,1534,1537,1547,1556,,1558,1607,1614,1617,,1627,1633,1637,,1646,1655,1658,1702,,1706,1715,1719,,1725,1729,1734,1737,1743,1747,,1754,1758,1803,,1807,1813,1817,1821,,1829,1832,1838,1842,1846,,1851,1857,1900,,1906,1911,1916,1921,1927,,1932,1936,1942,,1950,1953,1958,2002,,2006,2012,2017,2021,2027,,2032,2035,2042,,2047,2052,2058,,2102,2107,2112,2117,2121,,2128,2133,2137,2142,,2148,2152,2156,,2202,2207,2211,2217,2222,2227,2232,2238,,2244,2250,2255,2258,2307,,2315,2322,2329,2337,2342,2347,2352,2400,,658,722,739,,759,809,817,826,,838,843,843,855,,912,928,934,937,954,1011,1031,1036,1046,1051,1110,1121,1140,1149,1210,1220,1240,1250,1309,1320,1340,1349,1409,1420,1440,1450,1510,1520,1540,1549,1609,1620,1640,1650,1709,1723,1740,1752,1811,1823,1836,1853,1909,1913,1924,1940,1955,2010,2023,2039,2055,2110,2124,2144,2159,2214,2230,2302,2333,,,,,,,,,,,,,,,,,,,,,,,,,,,,,,,,,,,,,,,,,,,,,,,,,,,,,,,,,,,,,,,,,,,,,,,,,,,,,,,,,,,,,,,,,,,,,,,,,,,,,,,,,,,,,,,,,,,,,,,,,,,,,,,,,,,,,,,,,,,,,,,,,,,,,,,,,,,,,,,,,,,,,,,,,,,,,,,,,,,,,,,,,,,,,,,,,,,,,,,,,,,,,,,,,,,,,,,,,,,,,,,,,,,,,,,,,,,,,,,,,,,,,,,,,,,,,,,,,,,,,,,,,,,,,,,,,,,,,,,,,,,,,,,,,,,,,,,,,,,,,,,,,,,,,,,,,,,,,,,,,,,,,,,,,,,,,,,,,,,,,,,,
池袋,着,,,,,,,,,,600,,608,,619,625,,630,637,640,647,,651,656,700,705,709,713,719,,723,729,733,,739,742,747,751,755,,801,806,811,816,,820,824,827,833,,837,840,845,,851,856,858,902,,905,906,909,915,918,,923,926,930,,934,937,945,,948,953,956,1002,,1006,1009,1011,1019,1023,1030,,1033,1038,1043,,1053,1100,1104,,1112,1120,1122,1132,,1139,1142,1152,1159,,1202,1213,1219,1222,,1232,1239,1242,1253,1259,,1302,1312,1319,1322,,1332,1339,1342,1352,1400,,1404,1412,1419,1422,,1431,1439,1442,1453,1459,,1502,1512,1520,1522,,1532,1539,1542,1552,1601,,1603,1612,1619,1622,,1632,1638,1642,,1651,1700,1703,1707,,1711,1720,1724,,1730,1734,1739,1742,1748,1752,,1759,1803,1808,,1812,1818,1822,1826,,1834,1837,1843,1847,1851,,1856,1902,1905,,1911,1916,1921,1926,1932,,1937,1941,1947,,1955,1958,2003,2007,,2011,2017,2022,2026,2032,,2037,2040,2047,,2052,2057,2103,,2107,2112,2117,2122,2126,,2133,2138,2142,2147,,2153,2157,2201,,2207,2212,2216,2222,2227,2232,2237,2243,,2249,2255,2300,2303,2312,,2320,2327,2334,2342,2347,2352,2357,5,,703,727,744,,804,814,822,831,,843,848,848,900,,917,933,939,942,959,1016,1036,1041,1051,1056,1115,1126,1145,1154,1215,1225,1245,1255,1314,1325,1345,1354,1414,1425,1445,1455,1515,1525,1545,1554,1614,1625,1645,1655,1714,1728,1745,1757,1816,1828,1841,1858,1914,1918,1929,1945,2000,2015,2028,2044,2100,2115,2129,2149,2204,2219,2235,2307,2338,,,,,,,,,,,,,,,,,,,,,,,,,,,,,,,,,,,,,,,,,,,,,,,,,,,,,,,,,,,,,,,,,,,,,,,,,,,,,,,,,,,,,,,,,,,,,,,,,,,,,,,,,,,,,,,,,,,,,,,,,,,,,,,,,,,,,,,,,,,,,,,,,,,,,,,,,,,,,,,,,,,,,,,,,,,,,,,,,,,,,,,,,,,,,,,,,,,,,,,,,,,,,,,,,,,,,,,,,,,,,,,,,,,,,,,,,,,,,,,,,,,,,,,,,,,,,,,,,,,,,,,,,,,,,,,,,,,,,,,,,,,,,,,,,,,,,,,,,,,,,,,,,,,,,,,,,,,,,,,,,,,,,,,,,,,,,,,,,,,,,,,,
池袋,発,,430,440,,500,512,530,539,551,601,,609,613,620,626,,630,637,641,647,,652,657,701,706,709,714,720,,724,729,734,,739,743,748,752,757,,801,806,812,817,,821,825,829,834,,837,842,846,,852,856,859,903,,,906,912,916,921,,924,,930,,935,,945,,949,953,956,1002,,1006,1009,1012,1020,1024,1030,,1034,1039,1045,,1053,1101,1105,,1113,1120,1125,1133,,1140,1145,1153,1200,,1206,1213,1220,1225,,1233,1240,1245,1253,1300,,1305,1313,1320,1325,,1333,1340,1345,1353,1400,,1405,1413,1420,1425,,1433,1440,1445,1453,1500,,1505,1513,1520,1525,,1533,1540,1545,1553,1601,,1605,1613,1620,1625,,1632,1639,1644,,1652,1700,1703,1708,,1714,1721,1725,,1731,1735,1739,1743,1748,1753,,1759,1804,1808,,1813,1818,1823,1829,,1834,1839,1844,1848,1853,,1858,1903,1908,,1913,1918,1923,1928,1933,,1938,1943,1949,,1955,2000,2004,2008,,2013,2018,2023,2028,2033,,2038,2043,2048,,2053,2058,2104,,2108,2113,2118,2123,2128,,2133,2139,2143,2148,,2153,2158,2203,,2208,2213,2218,2223,2228,2233,2237,2243,,2249,2256,2301,2306,2313,,2321,2328,2335,2343,2347,2352,2358,2405,2422,704,728,745,,805,815,823,831,,845,849,849,901,,917,933,940,944,1000,1017,1037,1042,1052,1056,1116,1126,1145,1155,1215,1226,1246,1255,1315,1326,1345,1355,1415,1426,1445,1455,1515,1525,1545,1555,1614,1626,1646,1656,1715,1729,1746,1758,1817,1829,1844,1900,1915,1919,1930,1945,2001,2016,2030,2044,2101,2116,2130,2149,2205,2220,2236,2307,2340,,,,,,,,,,,,,,,,,,,,,,,,,,,,,,,,,,,,,,,,,,,,,,,,,,,,,,,,,,,,,,,,,,,,,,,,,,,,,,,,,,,,,,,,,,,,,,,,,,,,,,,,,,,,,,,,,,,,,,,,,,,,,,,,,,,,,,,,,,,,,,,,,,,,,,,,,,,,,,,,,,,,,,,,,,,,,,,,,,,,,,,,,,,,,,,,,,,,,,,,,,,,,,,,,,,,,,,,,,,,,,,,,,,,,,,,,,,,,,,,,,,,,,,,,,,,,,,,,,,,,,,,,,,,,,,,,,,,,,,,,,,,,,,,,,,,,,,,,,,,,,,,,,,,,,,,,,,,,,,,,,,,,,,,,,,,,,,,,,,,,,,,
板橋,着,,432,442,,502,514,532,541,553,603,,611,615,622,628,,632,639,643,649,,654,659,703,708,711,716,722,,726,731,736,,741,745,750,754,759,,803,808,814,819,,823,827,831,836,,839,844,848,,854,858,901,905,,,908,914,918,923,,926,,932,,937,,947,,951,955,958,1004,,1008,1011,1014,1022,1026,1032,,1036,1041,1047,,1055,1103,1107,,1115,1122,1127,1135,,1142,1147,1155,1202,,1208,1215,1222,1227,,1235,1242,1247,1255,1302,,1307,1315,1322,1327,,1335,1342,1347,1355,1402,,1407,1415,1422,1427,,1435,1442,1447,1455,1502,,1507,1515,1522,1527,,1535,1542,1547,1555,1603,,1607,1615,1622,1627,,1634,1641,1646,,1654,1702,1705,1710,,1716,1723,1727,,1733,1737,1741,1745,1750,1755,,1801,1806,1810,,1815,1820,1825,1831,,1836,1841,1846,1850,1855,,1900,1905,1910,,1915,1920,1925,1930,1935,,1940,1945,1951,,1957,2002,2006,2010,,2015,2020,2025,2030,2035,,2040,2045,2050,,2055,2100,2106,,2110,2115,2120,2125,2130,,2135,2141,2145,2150,,2155,2200,2205,,2210,2215,2220,2225,2230,2235,2239,2245,,2251,2258,2303,2308,2315,,2323,2330,2337,2345,2349,2354,0,7,24,,,,,,,,,,,,,,,,,,,,,,,,,,,,,,,,,,,,,,,,,,,,,,,,,,,,,,,,,,,,,,,,,,,,,,,,,,,,,,,,,,,,,,,,,,,,,,,,,,,,,,,,,,,,,,,,,,,,,,,,,,,,,,,,,,,,,,,,,,,,,,,,,,,,,,,,,,,,,,,,,,,,,,,,,,,,,,,,,,,,,,,,,,,,,,,,,,,,,,,,,,,,,,,,,,,,,,,,,,,,,,,,,,,,,,,,,,,,,,,,,,,,,,,,,,,,,,,,,,,,,,,,,,,,,,,,,,,,,,,,,,,,,,,,,,,,,,,,,,,,,,,,,,,,,,,,,,,,,,,,,,,,,,,,,,,,,,,,,,,,,,,,,,,,,,,,,,,,,,,,,,,,,,,,,,,,,,,,,,,,,,,,,,,,,,,,,,,,,,,,,,,,,,,,,,,,,,,,,
板橋,発,,432,443,,502,516,533,542,554,604,,611,616,622,629,,633,640,644,650,,654,659,704,709,712,717,723,,727,732,736,,742,746,750,755,800,,804,809,815,820,,824,828,832,836,,840,844,849,,855,859,902,906,,,909,914,919,923,,927,,933,,938,,948,,952,956,959,1005,,1009,1012,1015,1023,1026,1033,,1036,1042,1047,,1056,1103,1108,,1115,1123,1127,1135,,1143,1147,1155,1202,,1208,1216,1222,1227,,1235,1242,1247,1256,1302,,1308,1315,1322,1327,,1335,1342,1347,1355,1403,,1408,1416,1422,1427,,1435,1442,1447,1456,1502,,1508,1515,1523,1527,,1535,1542,1547,1555,1604,,1608,1615,1623,1627,,1635,1641,1647,,1655,1703,1707,1712,,1717,1724,1729,,1734,1738,1743,1747,1752,1757,,1803,1807,1812,,1816,1822,1827,1833,,1838,1842,1847,1851,1856,,1901,1906,1911,,1916,1921,1926,1931,1936,,1941,1946,1952,,1959,2003,2007,2011,,2016,2021,2026,2031,2036,,2041,2046,2051,,2056,2101,2107,,2111,2116,2121,2126,2131,,2137,2142,2146,2151,,2157,2201,2206,,2211,2216,2221,2226,2231,2236,2240,2246,,2252,2258,2304,2309,2316,,2324,2331,2338,2346,2350,2355,2401,2408,2424,,,,,,,,,,,,,,,,,,,,,,,,,,,,,,,,,,,,,,,,,,,,,,,,,,,,,,,,,,,,,,,,,,,,,,,,,,,,,,,,,,,,,,,,,,,,,,,,,,,,,,,,,,,,,,,,,,,,,,,,,,,,,,,,,,,,,,,,,,,,,,,,,,,,,,,,,,,,,,,,,,,,,,,,,,,,,,,,,,,,,,,,,,,,,,,,,,,,,,,,,,,,,,,,,,,,,,,,,,,,,,,,,,,,,,,,,,,,,,,,,,,,,,,,,,,,,,,,,,,,,,,,,,,,,,,,,,,,,,,,,,,,,,,,,,,,,,,,,,,,,,,,,,,,,,,,,,,,,,,,,,,,,,,,,,,,,,,,,,,,,,,,,,,,,,,,,,,,,,,,,,,,,,,,,,,,,,,,,,,,,,,,,,,,,,,,,,,,,,,,,,,,,,,,,,,,,,,,,
十条,着,,433,444,,503,517,534,543,555,605,,612,617,623,630,,634,641,645,651,,655,700,705,710,713,718,724,,728,733,737,,743,747,751,756,801,,805,810,816,821,,825,829,833,837,,841,845,850,,856,900,903,907,,,910,915,920,924,,928,,934,,939,,949,,953,957,1000,1006,,1010,1013,1016,1024,1027,1034,,1037,1043,1048,,1057,1104,1109,,1116,1124,1128,1136,,1144,1148,1156,1203,,1209,1217,1223,1228,,1236,1243,1248,1257,1303,,1309,1316,1323,1328,,1336,1343,1348,1356,1404,,1409,1417,1423,1428,,1436,1443,1448,1457,1503,,1509,1516,1524,1528,,1536,1543,1548,1556,1605,,1609,1616,1624,1628,,1636,1642,1648,,1656,1704,1708,1713,,1718,1725,1730,,1735,1739,1744,1748,1753,1758,,1804,1808,1813,,1817,1823,1828,1834,,1839,1843,1848,1852,1857,,1902,1907,1912,,1917,1922,1927,1932,1937,,1942,1947,1953,,2000,2004,2008,2012,,2017,2022,2027,2032,2037,,2042,2047,2052,,2057,2102,2108,,2112,2117,2122,2127,2132,,2138,2143,2147,2152,,2158,2202,2207,,2212,2217,2222,2227,2232,2237,2241,2247,,2253,2259,2305,2310,2317,,2325,2332,2339,2347,2351,2356,2,9,25,,,,,,,,,,,,,,,,,,,,,,,,,,,,,,,,,,,,,,,,,,,,,,,,,,,,,,,,,,,,,,,,,,,,,,,,,,,,,,,,,,,,,,,,,,,,,,,,,,,,,,,,,,,,,,,,,,,,,,,,,,,,,,,,,,,,,,,,,,,,,,,,,,,,,,,,,,,,,,,,,,,,,,,,,,,,,,,,,,,,,,,,,,,,,,,,,,,,,,,,,,,,,,,,,,,,,,,,,,,,,,,,,,,,,,,,,,,,,,,,,,,,,,,,,,,,,,,,,,,,,,,,,,,,,,,,,,,,,,,,,,,,,,,,,,,,,,,,,,,,,,,,,,,,,,,,,,,,,,,,,,,,,,,,,,,,,,,,,,,,,,,,,,,,,,,,,,,,,,,,,,,,,,,,,,,,,,,,,,,,,,,,,,,,,,,,,,,,,,,,,,,,,,,,,,,,,,,,,
十条,発,,435,445,,505,518,535,544,556,606,,614,619,625,631,,635,642,646,652,,657,702,706,711,714,719,725,,729,734,739,,744,748,753,757,802,,806,811,817,822,,826,830,834,839,,842,847,851,,857,901,904,908,,,911,917,921,926,,929,,935,,940,,950,,954,958,1001,1007,,1011,1014,1017,1025,1029,1035,,1039,1044,1050,,1058,1106,1110,,1118,1125,1130,1138,,1145,1150,1158,1205,,1211,1218,1225,1230,,1238,1245,1250,1258,1305,,1310,1318,1325,1330,,1338,1345,1350,1358,1405,,1410,1418,1425,1430,,1438,1445,1450,1458,1505,,1510,1518,1525,1530,,1538,1545,1550,1558,1606,,1610,1618,1625,1630,,1637,1644,1649,,1657,1705,1709,1714,,1720,1727,1731,,1737,1741,1745,1749,1754,1759,,1805,1810,1814,,1819,1824,1829,1835,,1840,1845,1850,1854,1859,,1904,1909,1914,,1919,1924,1929,1934,1939,,1944,1949,1955,,2001,2006,2010,2014,,2019,2024,2029,2034,2039,,2044,2049,2054,,2059,2104,2110,,2114,2119,2124,2129,2134,,2139,2145,2149,2154,,2159,2204,2209,,2213,2218,2223,2228,2233,2238,2242,2248,,2254,2301,2306,2311,2318,,2326,2333,2340,2348,2352,2357,2403,2410,2427,,,,,,,,,,,,,,,,,,,,,,,,,,,,,,,,,,,,,,,,,,,,,,,,,,,,,,,,,,,,,,,,,,,,,,,,,,,,,,,,,,,,,,,,,,,,,,,,,,,,,,,,,,,,,,,,,,,,,,,,,,,,,,,,,,,,,,,,,,,,,,,,,,,,,,,,,,,,,,,,,,,,,,,,,,,,,,,,,,,,,,,,,,,,,,,,,,,,,,,,,,,,,,,,,,,,,,,,,,,,,,,,,,,,,,,,,,,,,,,,,,,,,,,,,,,,,,,,,,,,,,,,,,,,,,,,,,,,,,,,,,,,,,,,,,,,,,,,,,,,,,,,,,,,,,,,,,,,,,,,,,,,,,,,,,,,,,,,,,,,,,,,,,,,,,,,,,,,,,,,,,,,,,,,,,,,,,,,,,,,,,,,,,,,,,,,,,,,,,,,,,,,,,,,,,,,,,,,,
赤羽,着,,438,448,,507,520,537,546,558,608,,616,621,627,633,,637,644,648,654,,659,704,708,713,716,721,727,,731,736,741,,746,750,755,759,804,,809,813,819,824,,828,832,836,841,,845,849,853,,859,903,906,910,,,913,919,923,929,,931,,937,,942,,952,,956,1000,1003,1009,,1013,1016,1019,1027,1031,1037,,1041,1046,1052,,1100,1108,1112,,1120,1127,1132,1140,,1147,1152,1200,1207,,1213,1220,1227,1232,,1240,1247,1252,1300,1307,,1312,1320,1327,1332,,1340,1347,1352,1400,1407,,1412,1420,1427,1432,,1440,1447,1452,1500,1507,,1512,1520,1527,1532,,1540,1547,1552,1600,1608,,1612,1620,1627,1632,,1639,1646,1651,,1659,1707,1711,1716,,1722,1729,1733,,1739,1743,1747,1751,1756,1801,,1807,1812,1816,,1821,1826,1831,1837,,1842,1847,1852,1856,1901,,1906,1911,1916,,1921,1926,1931,1936,1941,,1946,1951,1957,,2003,2008,2012,2016,,2022,2026,2031,2036,2042,,2046,2051,2056,,2102,2106,2112,,2116,2122,2126,2131,2136,,2142,2147,2151,2156,,2202,2206,2211,,2215,2221,2225,2230,2235,2241,2244,2250,,2256,2303,2309,2313,2320,,2328,2336,2342,2350,2355,2359,5,12,2430,,,,,,,,,,,,,,,,,,,,,,,,,,,,,,,,,,,,,,,,,,,,,,,,,,,,,,,,,,,,,,,,,,,,,,,,,,,,,,,,,,,,,,,,,,,,,,,,,,,,,,,,,,,,,,,,,,,,,,,,,,,,,,,,,,,,,,,,,,,,,,,,,,,,,,,,,,,,,,,,,,,,,,,,,,,,,,,,,,,,,,,,,,,,,,,,,,,,,,,,,,,,,,,,,,,,,,,,,,,,,,,,,,,,,,,,,,,,,,,,,,,,,,,,,,,,,,,,,,,,,,,,,,,,,,,,,,,,,,,,,,,,,,,,,,,,,,,,,,,,,,,,,,,,,,,,,,,,,,,,,,,,,,,,,,,,,,,,,,,,,,,,,,,,,,,,,,,,,,,,,,,,,,,,,,,,,,,,,,,,,,,,,,,,,,,,,,,,,,,,,,,,,,,,,,,,,,,,,
赤羽,発,,,,,510,522,538,547,600,610,,617,622,628,634,,638,646,649,656,,700,705,709,714,718,722,728,,733,737,742,,747,751,758,802,807,,,814,821,826,,829,833,839,842,,,850,854,,900,904,907,911,,,916,920,926,,,932,,940,,944,,953,,957,1001,1004,1010,,1014,1017,1021,1028,1032,1038,,1042,1048,1053,,1101,1109,1113,,1121,1128,1133,1141,,1148,1153,1201,1208,,1214,1222,1228,1233,,1241,1248,1253,1301,1308,,1313,1321,1328,1333,,1341,1348,1353,1401,1408,,1413,1421,1428,1433,,1441,1448,1453,1501,1508,,1513,1521,1528,1533,,1541,1548,1553,1601,1609,,1614,1621,1628,1633,,1640,1647,1652,,1701,1709,1713,1718,,1723,1730,1735,,1740,1744,1748,1753,1757,1803,,1808,1813,1818,,1823,1828,1833,1838,,1843,1848,1853,1858,1903,,1908,1913,1918,,1923,1928,1933,1938,1943,,1948,1953,1958,,2004,2009,2014,2018,,,2028,2033,2038,,,2048,2053,2058,,,2108,2113,,2118,,2128,2133,2138,,,2148,2153,2158,,,2208,2213,,2218,,2228,2233,2238,,2245,2253,,2257,2304,,2314,2322,,2332,,2343,2352,,2401,2407,2413,,,,,,,,,,,,,,,,,,,,,,,,,,,,,,,,,,,,,,,,,,,,,,,,,,,,,,,,,,,,,,,,,,,,,,,,,,,,,,,,,,,,,,,,,,,,,,,,,,,,,,,,,,,,,,,,,,,,,,,,,,,,,,,,,,,,,,,,,,,,,,,,,,,,,,,,,,,,,,,,,,,,,,,,,,,,,,,,,,,,,,,,,,,,,,,,,,,,,,,,,,,,,,,,,,,,,,,,,,,,,,,,,,,,,,,,,,,,,,,,,,,,,,,,,,,,,,,,,,,,,,,,,,,,,,,,,,,,,,,,,,,,,,,,,,,,,,,,,,,,,,,,,,,,,,,,,,,,,,,,,,,,,,,,,,,,,,,,,,,,,,,,,,,,,,,,,,,,,,,,,,,,,,,,,,,,,,,,,,,,,,,,,,,,,,,,,,,,,,,,,,,,,,,,,,,,,,,,,,
北赤羽,着,,,,,511,523,539,548,601,611,,618,623,,635,,639,,650,,,701,706,710,715,,723,,,734,738,743,,,752,,803,808,,,815,822,,,830,834,,843,,,851,855,,,905,908,912,,,917,,927,,,933,,,,945,,,,958,1002,1005,,,1015,1018,1022,,1033,1039,,1043,,1054,,1102,,1114,,1122,,1134,1142,,,1154,1202,,,1215,1223,,1234,,1242,,1254,1302,,,1314,1322,,1334,,1342,,1354,1402,,,1414,1422,,1434,,1442,,1454,1502,,,1514,1522,,1534,,1542,,1554,1602,,,1615,1622,,1634,,1641,,1653,,1702,1710,,1719,,1724,1731,,,1741,1745,1749,,1758,1804,,1809,,1819,,1824,1829,,1839,,1844,1849,,1859,1904,,1909,,1919,,1924,1929,,1939,1944,,1949,,1959,,2005,2010,,2019,,,2029,,2039,,,2049,,2059,,,2109,,,2119,,2129,,2139,,,2149,,2159,,,2209,,,2219,,2229,,2239,,2246,2254,,,2305,,2315,2323,,2333,,2344,2353,,2,8,14,,,,,,,,,,,,,,,,,,,,,,,,,,,,,,,,,,,,,,,,,,,,,,,,,,,,,,,,,,,,,,,,,,,,,,,,,,,,,,,,,,,,,,,,,,,,,,,,,,,,,,,,,,,,,,,,,,,,,,,,,,,,,,,,,,,,,,,,,,,,,,,,,,,,,,,,,,,,,,,,,,,,,,,,,,,,,,,,,,,,,,,,,,,,,,,,,,,,,,,,,,,,,,,,,,,,,,,,,,,,,,,,,,,,,,,,,,,,,,,,,,,,,,,,,,,,,,,,,,,,,,,,,,,,,,,,,,,,,,,,,,,,,,,,,,,,,,,,,,,,,,,,,,,,,,,,,,,,,,,,,,,,,,,,,,,,,,,,,,,,,,,,,,,,,,,,,,,,,,,,,,,,,,,,,,,,,,,,,,,,,,,,,,,,,,,,,,,,,,,,,,,,,,,,,,,,,,,,,,
北赤羽,発,,,,,512,524,540,549,602,612,,619,624,レ629,636,,641,レ647,651,レ657,,702,707,711,716,レ719,724,レ729,,735,740,744,,レ748,753,レ759,804,809,,,817,824,レ827,,831,835,レ840,844,,,852,856,,レ901,906,909,913,,,918,レ921,928,,,935,,レ941,,946,,レ954,,959,1003,1006,レ1011,,1016,1019,1024,レ1029,1034,1040,,1044,レ1049,1055,,1104,レ1110,1115,,1123,レ1129,1135,1143,,レ1149,1155,1203,レ1209,,1216,1224,レ1229,1235,,1243,レ1249,1255,1303,レ1309,,1315,1323,レ1329,1335,,1343,レ1349,1355,1403,レ1409,,1415,1423,レ1429,1435,,1443,レ1449,1455,1503,レ1509,,1515,1523,レ1529,1535,,1543,レ1549,1555,1603,レ1610,,1616,1623,レ1629,1635,,1642,レ1648,1654,,1703,1711,レ1714,1721,,1726,1732,レ1736,,1743,1747,1751,レ1754,1800,1805,,1811,レ1814,1820,,1825,1830,レ1834,1841,,1846,1850,レ1854,1900,1905,,1910,レ1914,1920,,1925,1930,レ1934,1940,1945,,1950,レ1954,2000,,2007,2011,レ2015,2021,,,2030,レ2034,2040,,,2050,レ2054,2100,,,2110,レ2114,,2120,,2130,レ2134,2140,,,2150,レ2154,2200,,,2210,レ2214,,2220,,2230,レ2234,2240,,2248,2255,,レ2258,2307,,2317,2324,,2334,,2345,2354,,2403,2409,2415,,,,,,,,,,,,,,,,,,,,,,,,,,,,,,,,,,,,,,,,,,,,,,,,,,,,,,,,,,,,,,,,,,,,,,,,,,,,,,,,,,,,,,,,,,,,,,,,,,,,,,,,,,,,,,,,,,,,,,,,,,,,,,,,,,,,,,,,,,,,,,,,,,,,,,,,,,,,,,,,,,,,,,,,,,,,,,,,,,,,,,,,,,,,,,,,,,,,,,,,,,,,,,,,,,,,,,,,,,,,,,,,,,,,,,,,,,,,,,,,,,,,,,,,,,,,,,,,,,,,,,,,,,,,,,,,,,,,,,,,,,,,,,,,,,,,,,,,,,,,,,,,,,,,,,,,,,,,,,,,,,,,,,,,,,,,,,,,,,,,,,,,,,,,,,,,,,,,,,,,,,,,,,,,,,,,,,,,,,,,,,,,,,,,,,,,,,,,,,,,,,,,,,,,,,,,,,,,,,
浮間舟渡,着,,,,,513,525,541,550,603,613,,620,625,,637,,642,,652,,,703,708,712,717,,725,,,736,741,745,,,754,,805,810,,,818,825,,,832,836,,845,,,853,857,,,907,910,914,,,919,,929,,,936,,,,947,,,,1000,1004,1007,,,1017,1020,1025,,1035,1041,,1045,,1056,,1105,,1116,,1124,,1136,1144,,,1156,1204,,,1217,1225,,1236,,1244,,1256,1304,,,1316,1324,,1336,,1344,,1356,1404,,,1416,1424,,1436,,1444,,1456,1504,,,1516,1524,,1536,,1544,,1556,1604,,,1617,1624,,1636,,1643,,1655,,1704,1712,,1722,,1727,1733,,,1744,1748,1752,,1801,1806,,1812,,1821,,1826,1831,,1842,,1847,1851,,1901,1906,,1911,,1921,,1926,1931,,1941,1946,,1951,,2001,,2008,2012,,2022,,,2031,,2041,,,2051,,2101,,,2111,,,2121,,2131,,2141,,,2151,,2201,,,2211,,,2221,,2231,,2241,,2249,2256,,,2308,,2318,2325,,2335,,2346,2355,,4,10,16,,,,,,,,,,,,,,,,,,,,,,,,,,,,,,,,,,,,,,,,,,,,,,,,,,,,,,,,,,,,,,,,,,,,,,,,,,,,,,,,,,,,,,,,,,,,,,,,,,,,,,,,,,,,,,,,,,,,,,,,,,,,,,,,,,,,,,,,,,,,,,,,,,,,,,,,,,,,,,,,,,,,,,,,,,,,,,,,,,,,,,,,,,,,,,,,,,,,,,,,,,,,,,,,,,,,,,,,,,,,,,,,,,,,,,,,,,,,,,,,,,,,,,,,,,,,,,,,,,,,,,,,,,,,,,,,,,,,,,,,,,,,,,,,,,,,,,,,,,,,,,,,,,,,,,,,,,,,,,,,,,,,,,,,,,,,,,,,,,,,,,,,,,,,,,,,,,,,,,,,,,,,,,,,,,,,,,,,,,,,,,,,,,,,,,,,,,,,,,,,,,,,,,,,,,,,,,,,,,
浮間舟渡,発,,,,,514,526,542,551,604,614,,621,626,レ630,638,,643,レ648,653,レ658,,704,709,713,718,レ720,726,レ730,,737,742,746,,レ749,755,レ800,806,811,,,819,826,レ828,,833,837,レ841,846,,,854,858,,レ902,908,911,915,,,920,レ922,930,,,937,,レ942,,948,,レ955,,1001,1005,1008,レ1012,,1018,1021,1026,レ1030,1036,1042,,1046,レ1050,1057,,1106,レ1111,1117,,1125,レ1130,1137,1145,,レ1150,1157,1205,レ1210,,1218,1226,レ1230,1237,,1245,レ1250,1257,1305,レ1310,,1317,1325,レ1330,1337,,1345,レ1350,1357,1405,レ1410,,1417,1425,レ1430,1437,,1445,レ1450,1457,1505,レ1510,,1517,1525,レ1530,1537,,1545,レ1550,1557,1605,レ1611,,1618,1625,レ1630,1637,,1644,レ1649,1656,,1705,1713,レ1715,1723,,1728,1735,レ1737,,1745,1749,1753,レ1755,1802,1808,,1813,レ1815,1823,,1828,1833,レ1835,1843,,1848,1853,レ1855,1903,1908,,1913,レ1915,1923,,1928,1933,レ1935,1943,1948,,1953,レ1955,2003,,2009,2014,レ2016,2023,,,2033,レ2035,2043,,,2053,レ2055,2103,,,2113,レ2115,,2123,,2133,レ2135,2143,,,2153,レ2155,2203,,,2213,レ2215,,2222,,2232,レ2235,2242,,2250,2257,,レ2259,2309,,2319,2326,,2336,,2347,2356,,2405,2411,2417,,,,,,,,,,,,,,,,,,,,,,,,,,,,,,,,,,,,,,,,,,,,,,,,,,,,,,,,,,,,,,,,,,,,,,,,,,,,,,,,,,,,,,,,,,,,,,,,,,,,,,,,,,,,,,,,,,,,,,,,,,,,,,,,,,,,,,,,,,,,,,,,,,,,,,,,,,,,,,,,,,,,,,,,,,,,,,,,,,,,,,,,,,,,,,,,,,,,,,,,,,,,,,,,,,,,,,,,,,,,,,,,,,,,,,,,,,,,,,,,,,,,,,,,,,,,,,,,,,,,,,,,,,,,,,,,,,,,,,,,,,,,,,,,,,,,,,,,,,,,,,,,,,,,,,,,,,,,,,,,,,,,,,,,,,,,,,,,,,,,,,,,,,,,,,,,,,,,,,,,,,,,,,,,,,,,,,,,,,,,,,,,,,,,,,,,,,,,,,,,,,,,,,,,,,,,,,,,,,
戸田公園,着,,,,,516,528,544,553,606,616,,623,628,632,640,,645,,655,700,,706,711,715,720,,728,732,,739,744,748,,,757,802,808,813,,,821,828,,,835,839,843,848,,,856,900,,,910,913,917,,,922,,932,,,939,,,,950,,957,,1003,1007,1010,1014,,1020,1023,1028,1032,1038,1044,,1048,1052,1059,,1108,1113,1119,,1127,1132,1139,1147,,1152,1159,1207,1212,,1220,1228,1232,1239,,1247,1252,1259,1307,1312,,1319,1327,1332,1339,,1347,1352,1359,1407,1412,,1419,1427,1432,1439,,1447,1452,1459,1507,1512,,1519,1527,1532,1539,,1547,1552,1559,1607,1613,,1620,1627,1632,1639,,1646,1651,1658,,1707,1715,,1725,,1730,1737,,,1747,1751,1755,,1804,1810,,1815,,1825,,1830,1835,,1845,,1850,1855,,1905,1910,,1915,,1925,,1930,1935,,1945,1950,,1955,,2005,,2011,2016,,2025,,,2035,,2045,,,2055,,2105,,,2115,,,2125,,2135,,2145,,,2155,,2205,,,2215,,,2224,,2234,,2244,,2252,2259,,,2311,,2321,2328,,2338,,2349,2358,,7,13,19,,,,,,,,,,,,,,,,,,,,,,,,,,,,,,,,,,,,,,,,,,,,,,,,,,,,,,,,,,,,,,,,,,,,,,,,,,,,,,,,,,,,,,,,,,,,,,,,,,,,,,,,,,,,,,,,,,,,,,,,,,,,,,,,,,,,,,,,,,,,,,,,,,,,,,,,,,,,,,,,,,,,,,,,,,,,,,,,,,,,,,,,,,,,,,,,,,,,,,,,,,,,,,,,,,,,,,,,,,,,,,,,,,,,,,,,,,,,,,,,,,,,,,,,,,,,,,,,,,,,,,,,,,,,,,,,,,,,,,,,,,,,,,,,,,,,,,,,,,,,,,,,,,,,,,,,,,,,,,,,,,,,,,,,,,,,,,,,,,,,,,,,,,,,,,,,,,,,,,,,,,,,,,,,,,,,,,,,,,,,,,,,,,,,,,,,,,,,,,,,,,,,,,,,,,,,,,,,,,
戸田公園,発,,,,,517,529,545,554,607,617,,624,629,633,641,,646,レ650,656,701,,707,712,716,723,レ722,729,733,,740,745,753,,レ751,758,803,809,814,,,822,831,レ830,,836,840,844,849,,,857,906,,レ904,911,914,918,,,925,レ924,933,,,940,,レ944,,951,,959,,1004,1008,1011,1015,,1021,1024,1029,1034,1039,1045,,1049,1053,1100,,1109,1114,1120,,1128,1133,1140,1148,,1153,1200,1208,1213,,1221,1229,1233,1240,,1248,1253,1300,1308,1313,,1320,1328,1333,1340,,1348,1353,1400,1408,1414,,1420,1428,1433,1440,,1448,1453,1500,1508,1513,,1520,1528,1533,1540,,1548,1553,1600,1608,1614,,1621,1628,1633,1640,,1647,1652,1659,,1708,1719,レ1717,1726,,1731,1741,レ1739,,1748,1752,1759,レ1757,1805,1811,,1819,レ1817,1826,,1831,1839,レ1837,1846,,1851,1859,レ1857,1906,1911,,1919,レ1917,1926,,1931,1939,レ1937,1946,1951,,1959,レ1957,2006,,2012,2021,レ2018,2026,,,2038,レ2037,2046,,,2058,レ2057,2106,,,2118,レ2117,,2126,,2138,レ2137,2146,,,2158,レ2157,2206,,,2218,レ2217,,2225,,2239,レ2237,2245,,2253,2303,,レ2301,2312,,2322,2329,,2339,,2350,2359,,2408,2414,2420,,,,,,,,,,,,,,,,,,,,,,,,,,,,,,,,,,,,,,,,,,,,,,,,,,,,,,,,,,,,,,,,,,,,,,,,,,,,,,,,,,,,,,,,,,,,,,,,,,,,,,,,,,,,,,,,,,,,,,,,,,,,,,,,,,,,,,,,,,,,,,,,,,,,,,,,,,,,,,,,,,,,,,,,,,,,,,,,,,,,,,,,,,,,,,,,,,,,,,,,,,,,,,,,,,,,,,,,,,,,,,,,,,,,,,,,,,,,,,,,,,,,,,,,,,,,,,,,,,,,,,,,,,,,,,,,,,,,,,,,,,,,,,,,,,,,,,,,,,,,,,,,,,,,,,,,,,,,,,,,,,,,,,,,,,,,,,,,,,,,,,,,,,,,,,,,,,,,,,,,,,,,,,,,,,,,,,,,,,,,,,,,,,,,,,,,,,,,,,,,,,,,,,,,,,,,,,,,,,
戸田,着,,,,,518,530,546,555,608,618,,625,630,,642,,647,,657,,,708,713,717,724,,730,,,741,746,754,,,759,,810,815,,,823,832,,,837,841,,850,,,858,907,,,912,915,919,,,926,,934,,,941,,,,952,,,,1005,1009,1012,,,1022,1025,1030,,1040,1046,,1050,,1101,,1110,,1121,,1129,,1141,1149,,,1201,1209,,,1222,1230,,1241,,1249,,1301,1309,,,1321,1329,,1341,,1349,,1401,1409,,,1421,1429,,1441,,1449,,1501,1509,,,1521,1529,,1541,,1549,,1601,1609,,,1622,1629,,1641,,1648,,1700,,1709,1720,,1727,,1732,1742,,,1749,1753,1800,,1806,1812,,1820,,1827,,1832,1840,,1847,,1852,1900,,1907,1912,,1920,,1927,,1932,1940,,1947,1952,,2000,,2007,,2013,2022,,2027,,,2039,,2047,,,2059,,2107,,,2119,,,2127,,2139,,2147,,,2159,,2207,,,2219,,,2226,,2240,,2246,,2254,2304,,,2313,,2323,2330,,2340,,2351,0,,9,15,21,,,,,,,,,,,,,,,,,,,,,,,,,,,,,,,,,,,,,,,,,,,,,,,,,,,,,,,,,,,,,,,,,,,,,,,,,,,,,,,,,,,,,,,,,,,,,,,,,,,,,,,,,,,,,,,,,,,,,,,,,,,,,,,,,,,,,,,,,,,,,,,,,,,,,,,,,,,,,,,,,,,,,,,,,,,,,,,,,,,,,,,,,,,,,,,,,,,,,,,,,,,,,,,,,,,,,,,,,,,,,,,,,,,,,,,,,,,,,,,,,,,,,,,,,,,,,,,,,,,,,,,,,,,,,,,,,,,,,,,,,,,,,,,,,,,,,,,,,,,,,,,,,,,,,,,,,,,,,,,,,,,,,,,,,,,,,,,,,,,,,,,,,,,,,,,,,,,,,,,,,,,,,,,,,,,,,,,,,,,,,,,,,,,,,,,,,,,,,,,,,,,,,,,,,,,,,,,,,,
戸田,発,,,,,519,531,547,556,609,619,,626,631,レ634,643,,648,レ651,658,レ702,,709,714,718,725,レ723,731,レ734,,742,747,755,,レ752,800,レ804,811,816,,,824,833,レ831,,838,842,レ845,851,,,859,908,,レ905,913,916,920,,,927,レ925,935,,,942,,レ945,,953,,レ1000,,1006,1010,1013,レ1016,,1023,1026,1031,レ1035,1041,1047,,1051,レ1054,1102,,1111,レ1115,1122,,1130,レ1134,1142,1150,,レ1154,1202,1210,レ1214,,1223,1231,レ1234,1242,,1250,レ1254,1302,1310,レ1314,,1322,1330,レ1334,1342,,1350,レ1354,1402,1410,レ1415,,1422,1430,レ1434,1442,,1450,レ1454,1502,1510,レ1514,,1522,1530,レ1534,1542,,1550,レ1554,1602,1610,レ1615,,1623,1630,レ1634,1642,,1649,レ1653,1701,,1710,1721,レ1718,1728,,1733,1743,レ1740,,1750,1754,1802,レ1758,1807,1813,,1821,レ1818,1828,,1833,1841,レ1838,1848,,1853,1901,レ1858,1908,1913,,1921,レ1918,1928,,1933,1941,レ1938,1948,1953,,2002,レ1958,2008,,2014,2023,レ2019,2028,,,2040,レ2038,2048,,,2100,レ2058,2108,,,2120,レ2118,,2128,,2140,レ2138,2148,,,2200,レ2158,2208,,,2220,レ2218,,2227,,2241,レ2238,2247,,2255,2305,,レ2302,2314,,2324,2331,,2341,,2352,2401,,2410,2416,2422,,,,,,,,,,,,,,,,,,,,,,,,,,,,,,,,,,,,,,,,,,,,,,,,,,,,,,,,,,,,,,,,,,,,,,,,,,,,,,,,,,,,,,,,,,,,,,,,,,,,,,,,,,,,,,,,,,,,,,,,,,,,,,,,,,,,,,,,,,,,,,,,,,,,,,,,,,,,,,,,,,,,,,,,,,,,,,,,,,,,,,,,,,,,,,,,,,,,,,,,,,,,,,,,,,,,,,,,,,,,,,,,,,,,,,,,,,,,,,,,,,,,,,,,,,,,,,,,,,,,,,,,,,,,,,,,,,,,,,,,,,,,,,,,,,,,,,,,,,,,,,,,,,,,,,,,,,,,,,,,,,,,,,,,,,,,,,,,,,,,,,,,,,,,,,,,,,,,,,,,,,,,,,,,,,,,,,,,,,,,,,,,,,,,,,,,,,,,,,,,,,,,,,,,,,,,,,,,,,
北戸田,着,,,,,520,532,548,557,610,620,,627,632,,644,,649,,659,,,710,715,719,726,,732,,,743,748,756,,,801,,812,817,,,825,834,,,839,843,,852,,,900,909,,,914,917,921,,,928,,936,,,943,,,,954,,,,1007,1011,1014,,,1024,1027,1032,,1042,1048,,1052,,1103,,1112,,1123,,1131,,1143,1151,,,1203,1211,,,1224,1232,,1243,,1251,,1303,1311,,,1323,1331,,1343,,1351,,1403,1411,,,1423,1431,,1443,,1451,,1503,1511,,,1523,1531,,1543,,1551,,1603,1611,,,1624,1631,,1643,,1650,,1702,,1711,1722,,1729,,1734,1744,,,1751,1755,1803,,1808,1814,,1822,,1829,,1834,1842,,1849,,1854,1902,,1909,1914,,1922,,1929,,1934,1942,,1949,1954,,2003,,2009,,2015,2024,,2029,,,2041,,2049,,,2101,,2109,,,2121,,,2129,,2141,,2149,,,2201,,2209,,,2221,,,2228,,2242,,2248,,2256,2306,,,2315,,2325,2332,,2342,,2353,2,,11,17,23,,,,,,,,,,,,,,,,,,,,,,,,,,,,,,,,,,,,,,,,,,,,,,,,,,,,,,,,,,,,,,,,,,,,,,,,,,,,,,,,,,,,,,,,,,,,,,,,,,,,,,,,,,,,,,,,,,,,,,,,,,,,,,,,,,,,,,,,,,,,,,,,,,,,,,,,,,,,,,,,,,,,,,,,,,,,,,,,,,,,,,,,,,,,,,,,,,,,,,,,,,,,,,,,,,,,,,,,,,,,,,,,,,,,,,,,,,,,,,,,,,,,,,,,,,,,,,,,,,,,,,,,,,,,,,,,,,,,,,,,,,,,,,,,,,,,,,,,,,,,,,,,,,,,,,,,,,,,,,,,,,,,,,,,,,,,,,,,,,,,,,,,,,,,,,,,,,,,,,,,,,,,,,,,,,,,,,,,,,,,,,,,,,,,,,,,,,,,,,,,,,,,,,,,,,,,,,,,,,
北戸田,発,,,,,521,533,549,558,611,621,,628,633,レ635,645,,650,レ652,700,レ703,,711,716,720,727,レ724,733,レ735,,744,749,757,,レ753,802,レ805,813,818,,,826,835,レ832,,840,844,レ846,853,,,901,910,,レ906,915,918,922,,,929,レ926,937,,,944,,レ946,,955,,レ1001,,1008,1012,1015,レ1017,,1025,1028,1033,レ1036,1043,1049,,1053,レ1055,1104,,1113,レ1116,1124,,1132,レ1135,1144,1152,,レ1155,1204,1212,レ1215,,1225,1233,レ1235,1244,,1252,レ1255,1304,1312,レ1315,,1324,1332,レ1335,1344,,1352,レ1355,1404,1412,レ1416,,1424,1432,レ1435,1444,,1452,レ1455,1504,1512,レ1515,,1524,1532,レ1535,1544,,1552,レ1555,1604,1612,レ1616,,1625,1632,レ1635,1644,,1651,レ1654,1703,,1712,1723,レ1719,1731,,1736,1745,レ1741,,1753,1757,1804,レ1759,1810,1815,,1824,レ1819,1830,,1835,1844,レ1839,1851,,1856,1904,レ1859,1910,1915,,1924,レ1919,1930,,1935,1944,レ1939,1950,1955,,2004,レ1959,2010,,2017,2025,レ2020,2031,,,2042,レ2039,2050,,,2102,レ2059,2110,,,2122,レ2119,,2130,,2142,レ2139,2150,,,2202,レ2159,2210,,,2222,レ2219,,2229,,2243,レ2239,2249,,2257,2307,,レ2303,2316,,2326,2333,,2343,,2354,2403,,2412,2418,2424,,,,,,,,,,,,,,,,,,,,,,,,,,,,,,,,,,,,,,,,,,,,,,,,,,,,,,,,,,,,,,,,,,,,,,,,,,,,,,,,,,,,,,,,,,,,,,,,,,,,,,,,,,,,,,,,,,,,,,,,,,,,,,,,,,,,,,,,,,,,,,,,,,,,,,,,,,,,,,,,,,,,,,,,,,,,,,,,,,,,,,,,,,,,,,,,,,,,,,,,,,,,,,,,,,,,,,,,,,,,,,,,,,,,,,,,,,,,,,,,,,,,,,,,,,,,,,,,,,,,,,,,,,,,,,,,,,,,,,,,,,,,,,,,,,,,,,,,,,,,,,,,,,,,,,,,,,,,,,,,,,,,,,,,,,,,,,,,,,,,,,,,,,,,,,,,,,,,,,,,,,,,,,,,,,,,,,,,,,,,,,,,,,,,,,,,,,,,,,,,,,,,,,,,,,,,,,,,,,
武蔵浦和,着,,,,,524,536,552,601,614,624,,631,636,637,648,,653,654,703,705,,714,719,723,730,726,736,737,,747,752,800,,755,806,807,816,821,,,829,838,834,,843,847,848,856,,,904,913,,908,919,921,925,,,932,928,940,,,947,,948,,958,,1003,,1011,1015,1019,1019,,1028,1031,1036,1038,1046,1052,,1056,1057,1107,,1116,1118,1127,,1136,1137,1147,1156,,1157,1207,1216,1217,,1228,1236,1237,1247,,1256,1257,1307,1316,1317,,1327,1336,1337,1347,,1356,1357,1407,1416,1418,,1427,1436,1437,1447,,1456,1457,1507,1516,1517,,1527,1536,1537,1547,,1556,1557,1607,1616,1618,,1628,1636,1637,1647,,1655,1656,1706,,1715,1726,1721,1734,,1739,1749,1743,,1756,1800,1807,1801,1813,1818,,1827,1821,1833,,1838,1847,1841,1854,,1859,1907,1901,1913,1918,,1927,1921,1933,,1938,1947,1941,1953,1958,,2007,2001,2013,,2020,2028,2022,2034,,,2045,2041,2053,,,2105,2101,2113,,,2125,2121,,2133,,2145,2141,2153,,,2205,2201,2213,,,2225,2221,,2232,,2246,2241,2252,,2300,2310,,2305,2319,,2329,2336,,2346,,2357,6,,15,21,27,,,,,,,,,,,,,,,,,,,,,,,,,,,,,,,,,,,,,,,,,,,,,,,,,,,,,,,,,,,,,,,,,,,,,,,,,,,,,,,,,,,,,,,,,,,,,,,,,,,,,,,,,,,,,,,,,,,,,,,,,,,,,,,,,,,,,,,,,,,,,,,,,,,,,,,,,,,,,,,,,,,,,,,,,,,,,,,,,,,,,,,,,,,,,,,,,,,,,,,,,,,,,,,,,,,,,,,,,,,,,,,,,,,,,,,,,,,,,,,,,,,,,,,,,,,,,,,,,,,,,,,,,,,,,,,,,,,,,,,,,,,,,,,,,,,,,,,,,,,,,,,,,,,,,,,,,,,,,,,,,,,,,,,,,,,,,,,,,,,,,,,,,,,,,,,,,,,,,,,,,,,,,,,,,,,,,,,,,,,,,,,,,,,,,,,,,,,,,,,,,,,,,,,,,,,,,,,,,,
武蔵浦和,発,,,,,524,537,552,601,614,625,,631,,638,648,,657,655,,706,,715,720,,730,727,,738,,747,,800,,757,,808,818,,,,828,838,835,,843,,849,856,,,904,913,,910,,921,925,,,932,929,941,,,951,,948,,958,,1003,,1011,1015,,1020,,1028,1035,,1039,1046,1052,,,1058,1107,,,1119,1127,,,1138,1148,,,1158,1207,,1218,,1228,,1238,1247,,,1258,1308,,1318,,1327,,1338,1348,,,1358,1407,,1418,,1428,,1438,1447,,,1458,1508,,1518,,1527,,1538,1548,,,1558,1607,,1619,,1628,,1638,1648,,,1658,1706,,1715,1725,1722,1736,,1745,,1744,,1756,1804,,1803,1814,1824,,,1822,1834,,1844,,1842,1854,,1904,,1902,1914,1924,,,1922,1934,,1944,,1942,1954,2004,,2008,2002,2014,,2024,2031,2023,2034,,,2046,2042,2054,,,2106,2102,2114,,,2126,2122,,2134,,2146,2142,2154,,,2206,2202,2214,,,2226,2222,,2234,,2245,2242,2252,,2259,2311,,2307,2321,,2329,2337,,2346,,2357,2406,,2415,2421,2427,,,,,,,,,,,,,,,,,,,,,,,,,,,,,,,,,,,,,,,,,,,,,,,,,,,,,,,,,,,,,,,,,,,,,,,,,,,,,,,,,,,,,,,,,,,,,,,,,,,,,,,,,,,,,,,,,,,,,,,,,,,,,,,,,,,,,,,,,,,,,,,,,,,,,,,,,,,,,,,,,,,,,,,,,,,,,,,,,,,,,,,,,,,,,,,,,,,,,,,,,,,,,,,,,,,,,,,,,,,,,,,,,,,,,,,,,,,,,,,,,,,,,,,,,,,,,,,,,,,,,,,,,,,,,,,,,,,,,,,,,,,,,,,,,,,,,,,,,,,,,,,,,,,,,,,,,,,,,,,,,,,,,,,,,,,,,,,,,,,,,,,,,,,,,,,,,,,,,,,,,,,,,,,,,,,,,,,,,,,,,,,,,,,,,,,,,,,,,,,,,,,,,,,,,,,,,,,,,,
中浦和,着,,,,,525,538,553,602,615,626,,632,,639,649,,658,,,707,,716,721,,731,,,739,,748,,801,,,,809,819,,,,829,839,,,844,,850,857,,,905,914,,,,922,926,,,933,,942,,,952,,,,959,,1004,,1012,1016,,1021,,1029,1036,,1040,1047,1053,,,1059,1108,,,1120,1128,,,1139,1149,,,1159,1208,,1219,,1229,,1239,1248,,,1259,1309,,1319,,1328,,1339,1349,,,1359,1408,,1419,,1429,,1439,1448,,,1459,1509,,1519,,1528,,1539,1549,,,1559,1608,,1620,,1629,,1639,1649,,,1659,1707,,1716,1726,,1737,,1746,,,,1757,1805,,,1815,1825,,,,1835,,1845,,,1855,,1905,,,1915,1925,,,,1935,,1945,,,1955,2005,,2009,,2015,,2025,2032,,2035,,,2047,,2055,,,2107,,2115,,,2127,,,2135,,2147,,2155,,,2207,,2215,,,2227,,,2235,,2246,,2253,,2300,2312,,,2322,,2330,2338,,2347,,2358,7,,16,22,28,,,,,,,,,,,,,,,,,,,,,,,,,,,,,,,,,,,,,,,,,,,,,,,,,,,,,,,,,,,,,,,,,,,,,,,,,,,,,,,,,,,,,,,,,,,,,,,,,,,,,,,,,,,,,,,,,,,,,,,,,,,,,,,,,,,,,,,,,,,,,,,,,,,,,,,,,,,,,,,,,,,,,,,,,,,,,,,,,,,,,,,,,,,,,,,,,,,,,,,,,,,,,,,,,,,,,,,,,,,,,,,,,,,,,,,,,,,,,,,,,,,,,,,,,,,,,,,,,,,,,,,,,,,,,,,,,,,,,,,,,,,,,,,,,,,,,,,,,,,,,,,,,,,,,,,,,,,,,,,,,,,,,,,,,,,,,,,,,,,,,,,,,,,,,,,,,,,,,,,,,,,,,,,,,,,,,,,,,,,,,,,,,,,,,,,,,,,,,,,,,,,,,,,,,,,,,,,,,,
中浦和,発,,,,,526,539,554,603,616,627,,633,,640,650,,659,レ656,,708,,717,722,,732,レ728,,740,,749,,802,,レ758,,810,820,,,,830,840,レ836,,845,,851,858,,,906,915,,レ911,,923,927,,,934,レ930,943,,,953,,レ949,,1000,,1005,,1013,1017,,1022,,1030,1037,,1041,1048,1054,,,1100,1109,,,1121,1129,,,1140,1150,,,1200,1209,,1220,,1230,,1240,1249,,,1300,1310,,1320,,1329,,1340,1350,,,1400,1409,,1420,,1430,,1440,1449,,,1500,1510,,1520,,1529,,1540,1550,,,1600,1609,,1621,,1630,,1640,1650,,,1700,1708,,1717,1727,レ1723,1738,,1747,,レ1745,,1758,1807,,レ1804,1816,1826,,,レ1823,1836,,1846,,レ1843,1856,,1906,,レ1903,1916,1926,,,レ1923,1936,,1946,,レ1943,1956,2006,,2010,レ2003,2016,,2026,2033,レ2024,2036,,,2048,レ2043,2056,,,2108,レ2103,2116,,,2128,レ2123,,2136,,2148,レ2143,2156,,,2208,レ2203,2216,,,2228,レ2223,,2236,,2247,レ2243,2254,,2301,2313,,レ2308,2323,,2331,2339,,2348,,2359,2408,,2417,2423,2429,,,,,,,,,,,,,,,,,,,,,,,,,,,,,,,,,,,,,,,,,,,,,,,,,,,,,,,,,,,,,,,,,,,,,,,,,,,,,,,,,,,,,,,,,,,,,,,,,,,,,,,,,,,,,,,,,,,,,,,,,,,,,,,,,,,,,,,,,,,,,,,,,,,,,,,,,,,,,,,,,,,,,,,,,,,,,,,,,,,,,,,,,,,,,,,,,,,,,,,,,,,,,,,,,,,,,,,,,,,,,,,,,,,,,,,,,,,,,,,,,,,,,,,,,,,,,,,,,,,,,,,,,,,,,,,,,,,,,,,,,,,,,,,,,,,,,,,,,,,,,,,,,,,,,,,,,,,,,,,,,,,,,,,,,,,,,,,,,,,,,,,,,,,,,,,,,,,,,,,,,,,,,,,,,,,,,,,,,,,,,,,,,,,,,,,,,,,,,,,,,,,,,,,,,,,,,,,,,,
南与野,着,,,,,528,541,556,605,618,629,,635,,642,652,,701,,,710,,719,724,,734,,,742,,751,,804,,,,812,822,,,,832,842,,,847,,853,900,,,908,917,,,,925,929,,,936,,945,,,955,,,,1002,,1007,,1015,1019,,1024,,1032,1039,,1043,1050,1056,,,1102,1111,,,1123,1131,,,1142,1152,,,1202,1211,,1222,,1232,,1242,1251,,,1302,1312,,1322,,1331,,1342,1352,,,1402,1411,,1422,,1432,,1442,1451,,,1502,1512,,1522,,1531,,1542,1552,,,1602,1611,,1623,,1632,,1642,1652,,,1702,1710,,1719,1729,,1740,,1749,,,,1800,1809,,,1818,1828,,,,1838,,1848,,,1858,,1908,,,1918,1928,,,,1938,,1948,,,1958,2008,,2012,,2018,,2028,2035,,2038,,,2050,,2058,,,2110,,2118,,,2130,,,2138,,2150,,2158,,,2210,,2218,,,2230,,,2238,,2249,,2256,,2303,2315,,,2325,,2333,2341,,2350,,1,10,,19,25,31,,,,,,,,,,,,,,,,,,,,,,,,,,,,,,,,,,,,,,,,,,,,,,,,,,,,,,,,,,,,,,,,,,,,,,,,,,,,,,,,,,,,,,,,,,,,,,,,,,,,,,,,,,,,,,,,,,,,,,,,,,,,,,,,,,,,,,,,,,,,,,,,,,,,,,,,,,,,,,,,,,,,,,,,,,,,,,,,,,,,,,,,,,,,,,,,,,,,,,,,,,,,,,,,,,,,,,,,,,,,,,,,,,,,,,,,,,,,,,,,,,,,,,,,,,,,,,,,,,,,,,,,,,,,,,,,,,,,,,,,,,,,,,,,,,,,,,,,,,,,,,,,,,,,,,,,,,,,,,,,,,,,,,,,,,,,,,,,,,,,,,,,,,,,,,,,,,,,,,,,,,,,,,,,,,,,,,,,,,,,,,,,,,,,,,,,,,,,,,,,,,,,,,,,,,,,,,,,,,
南与野,発,,,,,528,542,556,606,618,630,,635,,642,652,,701,レ658,,710,,719,724,,735,レ730,,742,,752,,805,,レ800,,812,822,,,,833,843,レ838,,847,,853,900,,,908,918,,レ913,,926,932,,,936,レ932,945,,,955,,レ951,,1002,,1008,,1015,1020,,1025,,1032,1039,,1043,1050,1056,,,1103,1111,,,1123,1131,,,1143,1152,,,1202,1211,,1222,,1232,,1242,1251,,,1302,1312,,1322,,1331,,1342,1352,,,1402,1411,,1423,,1432,,1442,1451,,,1502,1512,,1522,,1531,,1542,1552,,,1602,1611,,1624,,1632,,1642,1652,,,1702,1710,,1720,1730,レ1725,1740,,1750,,レ1747,,1800,1809,,レ1806,1819,1829,,,レ1825,1839,,1849,,レ1845,1859,,1909,,レ1905,1919,1929,,,レ1925,1939,,1949,,レ1945,1959,2009,,2012,レ2005,2019,,2029,2036,レ2026,2039,,,2050,レ2045,2059,,,2111,レ2105,2119,,,2131,レ2125,,2139,,2151,レ2145,2159,,,2210,レ2205,2219,,,2230,レ2225,,2238,,2250,レ2245,2256,,2304,2316,,レ2310,2325,,2334,2341,,2350,,2401,2411,,2419,2425,2431,,,,,,,,,,,,,,,,,,,,,,,,,,,,,,,,,,,,,,,,,,,,,,,,,,,,,,,,,,,,,,,,,,,,,,,,,,,,,,,,,,,,,,,,,,,,,,,,,,,,,,,,,,,,,,,,,,,,,,,,,,,,,,,,,,,,,,,,,,,,,,,,,,,,,,,,,,,,,,,,,,,,,,,,,,,,,,,,,,,,,,,,,,,,,,,,,,,,,,,,,,,,,,,,,,,,,,,,,,,,,,,,,,,,,,,,,,,,,,,,,,,,,,,,,,,,,,,,,,,,,,,,,,,,,,,,,,,,,,,,,,,,,,,,,,,,,,,,,,,,,,,,,,,,,,,,,,,,,,,,,,,,,,,,,,,,,,,,,,,,,,,,,,,,,,,,,,,,,,,,,,,,,,,,,,,,,,,,,,,,,,,,,,,,,,,,,,,,,,,,,,,,,,,,,,,,,,,,,,
与野本町,着,,,,,530,544,558,608,620,632,,637,,644,654,,703,,,712,,721,726,,737,,,744,,754,,807,,,,814,824,,,,835,845,,,849,,855,902,,,910,920,,,,928,934,,,938,,947,,,957,,,,1004,,1010,,1017,1022,,1027,,1034,1041,,1045,1052,1058,,,1105,1113,,,1125,1133,,,1145,1154,,,1204,1213,,1224,,1234,,1244,1253,,,1304,1314,,1324,,1333,,1344,1354,,,1404,1413,,1425,,1434,,1444,1453,,,1504,1514,,1524,,1533,,1544,1554,,,1604,1613,,1626,,1634,,1644,1654,,,1704,1712,,1722,1732,,1742,,1752,,,,1802,1811,,,1821,1831,,,,1841,,1851,,,1901,,1911,,,1921,1931,,,,1941,,1951,,,2001,2011,,2014,,2021,,2031,2038,,2041,,,2052,,2101,,,2113,,2121,,,2133,,,2141,,2153,,2201,,,2212,,2221,,,2232,,,2240,,2252,,2258,,2306,2318,,,2327,,2336,2343,,2352,,3,13,,21,27,33,,,,,,,,,,,,,,,,,,,,,,,,,,,,,,,,,,,,,,,,,,,,,,,,,,,,,,,,,,,,,,,,,,,,,,,,,,,,,,,,,,,,,,,,,,,,,,,,,,,,,,,,,,,,,,,,,,,,,,,,,,,,,,,,,,,,,,,,,,,,,,,,,,,,,,,,,,,,,,,,,,,,,,,,,,,,,,,,,,,,,,,,,,,,,,,,,,,,,,,,,,,,,,,,,,,,,,,,,,,,,,,,,,,,,,,,,,,,,,,,,,,,,,,,,,,,,,,,,,,,,,,,,,,,,,,,,,,,,,,,,,,,,,,,,,,,,,,,,,,,,,,,,,,,,,,,,,,,,,,,,,,,,,,,,,,,,,,,,,,,,,,,,,,,,,,,,,,,,,,,,,,,,,,,,,,,,,,,,,,,,,,,,,,,,,,,,,,,,,,,,,,,,,,,,,,,,,,,,,
与野本町,発,,,,,530,544,558,608,620,632,,637,,644,654,,704,レ659,,713,,721,727,,737,レ731,,744,,754,,807,,レ801,,814,824,,,,835,845,レ839,,849,,855,903,,,910,920,,レ914,,928,934,,,938,レ933,948,,,957,,レ952,,1004,,1010,,1017,1022,,1027,,1035,1041,,1045,1052,1059,,,1105,1114,,,1125,1134,,,1145,1154,,,1204,1214,,1224,,1234,,1244,1254,,,1304,1314,,1324,,1334,,1344,1354,,,1404,1414,,1425,,1434,,1444,1454,,,1504,1514,,1524,,1534,,1545,1554,,,1604,1614,,1626,,1634,,1644,1654,,,1704,1713,,1722,1732,レ1726,1743,,1752,,レ1748,,1803,1811,,レ1807,1821,1831,,,レ1826,1841,,1851,,レ1846,1901,,1911,,レ1906,1921,1931,,,レ1926,1941,,1951,,レ1946,2001,2011,,2014,レ2006,2021,,2031,2038,レ2027,2041,,,2052,レ2046,2101,,,2113,レ2106,2121,,,2133,レ2126,,2141,,2153,レ2146,2201,,,2212,レ2206,2221,,,2232,レ2226,,2240,,2252,レ2246,2258,,2306,2318,,レ2311,2327,,2336,2344,,2353,,2403,2413,,2421,2427,2434,,,,,,,,,,,,,,,,,,,,,,,,,,,,,,,,,,,,,,,,,,,,,,,,,,,,,,,,,,,,,,,,,,,,,,,,,,,,,,,,,,,,,,,,,,,,,,,,,,,,,,,,,,,,,,,,,,,,,,,,,,,,,,,,,,,,,,,,,,,,,,,,,,,,,,,,,,,,,,,,,,,,,,,,,,,,,,,,,,,,,,,,,,,,,,,,,,,,,,,,,,,,,,,,,,,,,,,,,,,,,,,,,,,,,,,,,,,,,,,,,,,,,,,,,,,,,,,,,,,,,,,,,,,,,,,,,,,,,,,,,,,,,,,,,,,,,,,,,,,,,,,,,,,,,,,,,,,,,,,,,,,,,,,,,,,,,,,,,,,,,,,,,,,,,,,,,,,,,,,,,,,,,,,,,,,,,,,,,,,,,,,,,,,,,,,,,,,,,,,,,,,,,,,,,,,,,,,,,,
北与野,着,,,,,531,545,559,609,621,633,,638,,645,655,,705,,,714,,722,728,,738,,,745,,755,,808,,,,815,825,,,,836,846,,,850,,856,904,,,911,921,,,,929,935,,,939,,949,,,958,,,,1005,,1011,,1018,1023,,1028,,1036,1042,,1046,1053,1100,,,1106,1115,,,1126,1135,,,1146,1155,,,1205,1215,,1225,,1235,,1245,1255,,,1305,1315,,1325,,1335,,1345,1355,,,1405,1415,,1426,,1435,,1445,1455,,,1505,1515,,1525,,1535,,1546,1555,,,1605,1615,,1627,,1635,,1645,1655,,,1705,1714,,1723,1733,,1744,,1753,,,,1804,1812,,,1822,1832,,,,1842,,1852,,,1902,,1912,,,1922,1932,,,,1942,,1952,,,2002,2012,,2015,,2022,,2032,2039,,2042,,,2053,,2102,,,2114,,2122,,,2134,,,2142,,2154,,2202,,,2213,,2222,,,2233,,,2241,,2253,,2259,,2307,2319,,,2328,,2337,2345,,2354,,4,14,,22,28,35,,,,,,,,,,,,,,,,,,,,,,,,,,,,,,,,,,,,,,,,,,,,,,,,,,,,,,,,,,,,,,,,,,,,,,,,,,,,,,,,,,,,,,,,,,,,,,,,,,,,,,,,,,,,,,,,,,,,,,,,,,,,,,,,,,,,,,,,,,,,,,,,,,,,,,,,,,,,,,,,,,,,,,,,,,,,,,,,,,,,,,,,,,,,,,,,,,,,,,,,,,,,,,,,,,,,,,,,,,,,,,,,,,,,,,,,,,,,,,,,,,,,,,,,,,,,,,,,,,,,,,,,,,,,,,,,,,,,,,,,,,,,,,,,,,,,,,,,,,,,,,,,,,,,,,,,,,,,,,,,,,,,,,,,,,,,,,,,,,,,,,,,,,,,,,,,,,,,,,,,,,,,,,,,,,,,,,,,,,,,,,,,,,,,,,,,,,,,,,,,,,,,,,,,,,,,,,,,,,
北与野,発,,,,,532,546,600,610,622,634,,639,,646,656,,705,レ700,,714,,723,728,,739,レ732,,746,,756,,809,,レ802,,816,826,,,,837,847,レ840,,851,,857,904,,,912,922,,レ915,,930,936,,,940,レ934,949,,,959,,レ953,,1006,,1012,,1019,1024,,1029,,1036,1043,,1047,1054,1100,,,1107,1115,,,1127,1135,,,1147,1156,,,1206,1215,,1226,,1236,,1246,1255,,,1306,1316,,1326,,1335,,1346,1356,,,1406,1415,,1427,,1436,,1446,1455,,,1506,1516,,1526,,1535,,1546,1556,,,1606,1615,,1628,,1636,,1646,1656,,,1706,1714,,1724,1734,レ1727,1745,,1754,,レ1749,,1805,1813,,レ1808,1823,1833,,,レ1827,1843,,1853,,レ1847,1903,,1913,,レ1907,1923,1933,,,レ1927,1943,,1953,,レ1947,2003,2013,,2016,レ2007,2023,,2033,2040,レ2028,2043,,,2054,レ2047,2103,,,2115,レ2107,2123,,,2135,レ2127,,2143,,2155,レ2147,2203,,,2214,レ2207,2223,,,2234,レ2227,,2242,,2254,レ2247,2300,,2308,2320,,レ2312,2329,,2338,2345,,2354,,2405,2415,,2423,2429,2435,,,,,,,,,,,,,,,,,,,,,,,,,,,,,,,,,,,,,,,,,,,,,,,,,,,,,,,,,,,,,,,,,,,,,,,,,,,,,,,,,,,,,,,,,,,,,,,,,,,,,,,,,,,,,,,,,,,,,,,,,,,,,,,,,,,,,,,,,,,,,,,,,,,,,,,,,,,,,,,,,,,,,,,,,,,,,,,,,,,,,,,,,,,,,,,,,,,,,,,,,,,,,,,,,,,,,,,,,,,,,,,,,,,,,,,,,,,,,,,,,,,,,,,,,,,,,,,,,,,,,,,,,,,,,,,,,,,,,,,,,,,,,,,,,,,,,,,,,,,,,,,,,,,,,,,,,,,,,,,,,,,,,,,,,,,,,,,,,,,,,,,,,,,,,,,,,,,,,,,,,,,,,,,,,,,,,,,,,,,,,,,,,,,,,,,,,,,,,,,,,,,,,,,,,,,,,,,,,,
大宮,着,,,,,535,549,603,613,625,637,,643,,649,700,,709,701,,717,,727,732,,742,733,,749,,759,,812,,803,,819,830,,,,840,850,841,,855,,900,908,,,916,925,,916,,933,940,,,944,935,953,,,1003,,954,,1010,,1015,,1023,1027,,1032,,1040,1047,,1050,1058,1104,,,1110,1119,,,1130,1139,,,1150,1200,,,1209,1219,,1229,,1240,,1249,1259,,,1309,1320,,1329,,1339,,1349,1400,,,1409,1419,,1430,,1440,,1449,1459,,,1509,1520,,1529,,1539,,1549,1600,,,1609,1619,,1631,,1640,,1649,1700,,,1709,1718,,1727,1737,1728,1748,,1758,,1750,,1808,1816,,1809,1827,1837,,,1828,1847,,1857,,1848,1907,,1916,,1908,1927,1937,,,1928,1947,,1957,,1948,2007,2017,,2019,2008,2027,,2037,2044,2029,2047,,,2058,2048,2107,,,2118,2108,2127,,,2139,2128,,2147,,2158,2148,2207,,,2217,2208,2227,,,2237,2228,,2246,,2257,2248,2304,,2311,2323,,2313,2333,,2341,2349,,2357,,8,2418,,26,2433,2439,,,,,,,,,,,,,,,,,,,,,,,,,,,,,,,,,,,,,,,,,,,,,,,,,,,,,,,,,,,,,,,,,,,,,,,,,,,,,,,,,,,,,,,,,,,,,,,,,,,,,,,,,,,,,,,,,,,,,,,,,,,,,,,,,,,,,,,,,,,,,,,,,,,,,,,,,,,,,,,,,,,,,,,,,,,,,,,,,,,,,,,,,,,,,,,,,,,,,,,,,,,,,,,,,,,,,,,,,,,,,,,,,,,,,,,,,,,,,,,,,,,,,,,,,,,,,,,,,,,,,,,,,,,,,,,,,,,,,,,,,,,,,,,,,,,,,,,,,,,,,,,,,,,,,,,,,,,,,,,,,,,,,,,,,,,,,,,,,,,,,,,,,,,,,,,,,,,,,,,,,,,,,,,,,,,,,,,,,,,,,,,,,,,,,,,,,,,,,,,,,,,,,,,,,,,,,,,,,,
大宮,発,,,,,536,,603,,625,,,,,649,,,,704,,719,,,,,,734,,749,,,,,,805,,820,,,,,,,842,,,,900,,,,,,,917,,,,,,,938,,,,,,955,,,,1015,,,,,1034,,,,,1051,,,,,1111,,,,1131,,,,1151,,,,1211,,,1231,,,,1251,,,,1311,,,1331,,,,1351,,,,1411,,,1431,,,,1451,,,,1511,,,1531,,,,1551,,,,1611,,,1631,,,,1651,,,,1711,,,,,1731,,,,,1751,,,1821,,1811,,,,,1831,,,,,1851,,,1921,,1911,,,,,1931,,,,,1951,,,,2021,2011,,,,,2031,,,,,2051,,,,2122,2111,,,,,2131,,,,2201,2150,,,,2221,2211,,,,2241,2231,,,,2302,2251,,,,2328,,2315,,,2345,,,2402,,2414,,,2427,,,,,,,,,,,,,,,,,,,,,,,,,,,,,,,,,,,,,,,,,,,,,,,,,,,,,,,,,,,,,,,,,,,,,,,,,,,,,,,,,,,,,,,,,,,,,,,,,,,,,,,,,,,,,,,,,,,,,,,,,,,,,,,,,,,,,,,,,,,,,,,,,,,,,,,,,,,,,,,,,,,,,,,,,,,,,,,,,,,,,,,,,,,,,,,,,,,,,,,,,,,,,,,,,,,,,,,,,,,,,,,,,,,,,,,,,,,,,,,,,,,,,,,,,,,,,,,,,,,,,,,,,,,,,,,,,,,,,,,,,,,,,,,,,,,,,,,,,,,,,,,,,,,,,,,,,,,,,,,,,,,,,,,,,,,,,,,,,,,,,,,,,,,,,,,,,,,,,,,,,,,,,,,,,,,,,,,,,,,,,,,,,,,,,,,,,,,,,,,,,,,,,,,,,,,,,,,,,,,,
日進,着,,,,,539,,606,,628,,,,,652,,,,707,,722,,,,,,737,,752,,,,,,808,,823,,,,,,,845,,,,903,,,,,,,920,,,,,,,941,,,,,,958,,,,1018,,,,,1037,,,,,1054,,,,,1114,,,,1134,,,,1154,,,,1214,,,1234,,,,1254,,,,1314,,,1334,,,,1354,,,,1414,,,1434,,,,1454,,,,1514,,,1534,,,,1554,,,,1614,,,1634,,,,1654,,,,1714,,,,,1734,,,,,1754,,,1824,,1814,,,,,1834,,,,,1854,,,1924,,1914,,,,,1934,,,,,1954,,,,2024,2014,,,,,2034,,,,,2054,,,,2125,2114,,,,,2134,,,,2204,2153,,,,2224,2214,,,,2244,2234,,,,2305,2254,,,,2331,,2318,,,2348,,,5,,17,,,30,,,,,,,,,,,,,,,,,,,,,,,,,,,,,,,,,,,,,,,,,,,,,,,,,,,,,,,,,,,,,,,,,,,,,,,,,,,,,,,,,,,,,,,,,,,,,,,,,,,,,,,,,,,,,,,,,,,,,,,,,,,,,,,,,,,,,,,,,,,,,,,,,,,,,,,,,,,,,,,,,,,,,,,,,,,,,,,,,,,,,,,,,,,,,,,,,,,,,,,,,,,,,,,,,,,,,,,,,,,,,,,,,,,,,,,,,,,,,,,,,,,,,,,,,,,,,,,,,,,,,,,,,,,,,,,,,,,,,,,,,,,,,,,,,,,,,,,,,,,,,,,,,,,,,,,,,,,,,,,,,,,,,,,,,,,,,,,,,,,,,,,,,,,,,,,,,,,,,,,,,,,,,,,,,,,,,,,,,,,,,,,,,,,,,,,,,,,,,,,,,,,,,,,,,,,,,,,,,,,,
日進,発,,,,,541,,608,,629,,,,,654,,,,709,,724,,,,,,739,,754,,,,,,811,,825,,,,,,,846,,,,904,,,,,,,921,,,,,,,942,,,,,,959,,,,1019,,,,,1038,,,,,1055,,,,,1115,,,,1135,,,,1155,,,,1215,,,1235,,,,1255,,,,1315,,,1335,,,,1355,,,,1415,,,1435,,,,1455,,,,1515,,,1535,,,,1555,,,,1615,,,1635,,,,1655,,,,1715,,,,,1735,,,,,1755,,,1825,,1815,,,,,1835,,,,,1855,,,1926,,1915,,,,,1935,,,,,1955,,,,2025,2015,,,,,2035,,,,,2055,,,,2126,2115,,,,,2135,,,,2205,2154,,,,2225,2215,,,,2245,2235,,,,2306,2255,,,,2332,,2320,,,2349,,,2406,,2418,,,2431,,,,,,,,,,,,,,,,,,,,,,,,,,,,,,,,,,,,,,,,,,,,,,,,,,,,,,,,,,,,,,,,,,,,,,,,,,,,,,,,,,,,,,,,,,,,,,,,,,,,,,,,,,,,,,,,,,,,,,,,,,,,,,,,,,,,,,,,,,,,,,,,,,,,,,,,,,,,,,,,,,,,,,,,,,,,,,,,,,,,,,,,,,,,,,,,,,,,,,,,,,,,,,,,,,,,,,,,,,,,,,,,,,,,,,,,,,,,,,,,,,,,,,,,,,,,,,,,,,,,,,,,,,,,,,,,,,,,,,,,,,,,,,,,,,,,,,,,,,,,,,,,,,,,,,,,,,,,,,,,,,,,,,,,,,,,,,,,,,,,,,,,,,,,,,,,,,,,,,,,,,,,,,,,,,,,,,,,,,,,,,,,,,,,,,,,,,,,,,,,,,,,,,,,,,,,,,,,,,,,
西大宮,着,,,,,543,,610,,631,,,,,656,,,,711,,726,,,,,,741,,756,,,,,,813,,827,,,,,,,848,,,,906,,,,,,,923,,,,,,,944,,,,,,1001,,,,1021,,,,,1040,,,,,1057,,,,,1117,,,,1137,,,,1157,,,,1217,,,1237,,,,1257,,,,1317,,,1337,,,,1357,,,,1417,,,1437,,,,1457,,,,1517,,,1537,,,,1557,,,,1617,,,1637,,,,1657,,,,1717,,,,,1737,,,,,1757,,,1827,,1817,,,,,1837,,,,,1857,,,1928,,1917,,,,,1937,,,,,1957,,,,2027,2017,,,,,2037,,,,,2057,,,,2128,2117,,,,,2137,,,,2207,2156,,,,2227,2217,,,,2247,2237,,,,2308,2257,,,,2334,,2322,,,2351,,,8,,20,,,33,,,,,,,,,,,,,,,,,,,,,,,,,,,,,,,,,,,,,,,,,,,,,,,,,,,,,,,,,,,,,,,,,,,,,,,,,,,,,,,,,,,,,,,,,,,,,,,,,,,,,,,,,,,,,,,,,,,,,,,,,,,,,,,,,,,,,,,,,,,,,,,,,,,,,,,,,,,,,,,,,,,,,,,,,,,,,,,,,,,,,,,,,,,,,,,,,,,,,,,,,,,,,,,,,,,,,,,,,,,,,,,,,,,,,,,,,,,,,,,,,,,,,,,,,,,,,,,,,,,,,,,,,,,,,,,,,,,,,,,,,,,,,,,,,,,,,,,,,,,,,,,,,,,,,,,,,,,,,,,,,,,,,,,,,,,,,,,,,,,,,,,,,,,,,,,,,,,,,,,,,,,,,,,,,,,,,,,,,,,,,,,,,,,,,,,,,,,,,,,,,,,,,,,,,,,,,,,,,,,,
西大宮,発,,,,,544,,611,,633,,,,,657,,,,713,,728,,,,,,743,,758,,,,,,815,,829,,,,,,,850,,,,908,,,,,,,926,,,,,,,947,,,,,,1003,,,,1023,,,,,1041,,,,,1100,,,,,1121,,,,1141,,,,1201,,,,1221,,,1241,,,,1301,,,,1321,,,1341,,,,1401,,,,1421,,,1441,,,,1501,,,,1521,,,1541,,,,1601,,,,1621,,,1641,,,,1701,,,,1721,,,,,1741,,,,,1801,,,1829,,1821,,,,,1841,,,,,1901,,,1929,,1921,,,,,1941,,,,,2001,,,,2029,2021,,,,,2041,,,,,2101,,,,2129,2121,,,,,2141,,,,2209,2158,,,,2229,2219,,,,2249,2239,,,,2309,2300,,,,2339,,2323,,,2352,,,2409,,2421,,,2434,,,,,,,,,,,,,,,,,,,,,,,,,,,,,,,,,,,,,,,,,,,,,,,,,,,,,,,,,,,,,,,,,,,,,,,,,,,,,,,,,,,,,,,,,,,,,,,,,,,,,,,,,,,,,,,,,,,,,,,,,,,,,,,,,,,,,,,,,,,,,,,,,,,,,,,,,,,,,,,,,,,,,,,,,,,,,,,,,,,,,,,,,,,,,,,,,,,,,,,,,,,,,,,,,,,,,,,,,,,,,,,,,,,,,,,,,,,,,,,,,,,,,,,,,,,,,,,,,,,,,,,,,,,,,,,,,,,,,,,,,,,,,,,,,,,,,,,,,,,,,,,,,,,,,,,,,,,,,,,,,,,,,,,,,,,,,,,,,,,,,,,,,,,,,,,,,,,,,,,,,,,,,,,,,,,,,,,,,,,,,,,,,,,,,,,,,,,,,,,,,,,,,,,,,,,,,,,,,,,,
指扇,着,,,,,546,,613,,635,,,,,659,,,,715,,730,,,,,,745,,800,,,,,,817,,831,,,,,,,852,,,,910,,,,,,,928,,,,,,,949,,,,,,1005,,,,1025,,,,,1043,,,,,1102,,,,,1123,,,,1143,,,,1203,,,,1223,,,1243,,,,1303,,,,1323,,,1343,,,,1403,,,,1423,,,1443,,,,1503,,,,1523,,,1543,,,,1603,,,,1623,,,1643,,,,1703,,,,1723,,,,,1743,,,,,1803,,,1831,,1823,,,,,1843,,,,,1903,,,1931,,1923,,,,,1943,,,,,2003,,,,2031,2023,,,,,2043,,,,,2103,,,,2131,2123,,,,,2143,,,,2211,2200,,,,2231,2221,,,,2251,2241,,,,2311,2302,,,,2341,,2325,,,2354,,,11,,23,,,36,,,,,,,,,,,,,,,,,,,,,,,,,,,,,,,,,,,,,,,,,,,,,,,,,,,,,,,,,,,,,,,,,,,,,,,,,,,,,,,,,,,,,,,,,,,,,,,,,,,,,,,,,,,,,,,,,,,,,,,,,,,,,,,,,,,,,,,,,,,,,,,,,,,,,,,,,,,,,,,,,,,,,,,,,,,,,,,,,,,,,,,,,,,,,,,,,,,,,,,,,,,,,,,,,,,,,,,,,,,,,,,,,,,,,,,,,,,,,,,,,,,,,,,,,,,,,,,,,,,,,,,,,,,,,,,,,,,,,,,,,,,,,,,,,,,,,,,,,,,,,,,,,,,,,,,,,,,,,,,,,,,,,,,,,,,,,,,,,,,,,,,,,,,,,,,,,,,,,,,,,,,,,,,,,,,,,,,,,,,,,,,,,,,,,,,,,,,,,,,,,,,,,,,,,,,,,,,,,,,,
指扇,発,,,,,547,,619,,636,,,,,704,,,,720,,735,,,,,,751,,803,,,,,,818,,833,,,,,,,852,,,,910,,,,,,,928,,,,,,,949,,,,,,1005,,,,1026,,,,,1044,,,,,1103,,,,,1123,,,,1143,,,,1203,,,,1223,,,1243,,,,1305,,,,1323,,,1343,,,,1403,,,,1423,,,1443,,,,1503,,,,1523,,,1544,,,,1603,,,,1623,,,1643,,,,1703,,,,1723,,,,,1743,,,,,1803,,,1835,,1823,,,,,1843,,,,,1904,,,1935,,1923,,,,,1943,,,,,2004,,,,2035,2023,,,,,2043,,,,,2106,,,,2135,2123,,,,,2143,,,,2212,2201,,,,2232,2221,,,,2253,2241,,,,2314,2302,,,,2341,,2326,,,2354,,,2411,,2423,,,2437,,,,,,,,,,,,,,,,,,,,,,,,,,,,,,,,,,,,,,,,,,,,,,,,,,,,,,,,,,,,,,,,,,,,,,,,,,,,,,,,,,,,,,,,,,,,,,,,,,,,,,,,,,,,,,,,,,,,,,,,,,,,,,,,,,,,,,,,,,,,,,,,,,,,,,,,,,,,,,,,,,,,,,,,,,,,,,,,,,,,,,,,,,,,,,,,,,,,,,,,,,,,,,,,,,,,,,,,,,,,,,,,,,,,,,,,,,,,,,,,,,,,,,,,,,,,,,,,,,,,,,,,,,,,,,,,,,,,,,,,,,,,,,,,,,,,,,,,,,,,,,,,,,,,,,,,,,,,,,,,,,,,,,,,,,,,,,,,,,,,,,,,,,,,,,,,,,,,,,,,,,,,,,,,,,,,,,,,,,,,,,,,,,,,,,,,,,,,,,,,,,,,,,,,,,,,,,,,,,,,
南古谷,着,,,,,551,,623,,640,,,,,708,,,,724,,739,,,,,,755,,807,,,,,,822,,837,,,,,,,856,,,,914,,,,,,,932,,,,,,,953,,,,,,1009,,,,1030,,,,,1048,,,,,1107,,,,,1127,,,,1147,,,,1207,,,,1227,,,1247,,,,1309,,,,1327,,,1347,,,,1407,,,,1427,,,1447,,,,1507,,,,1527,,,1548,,,,1607,,,,1627,,,1647,,,,1707,,,,1727,,,,,1747,,,,,1807,,,1839,,1827,,,,,1847,,,,,1908,,,1939,,1927,,,,,1947,,,,,2008,,,,2039,2027,,,,,2047,,,,,2110,,,,2139,2127,,,,,2147,,,,2216,2205,,,,2236,2225,,,,2257,2245,,,,2318,2306,,,,2345,,2330,,,2358,,,15,,27,,,41,,,,,,,,,,,,,,,,,,,,,,,,,,,,,,,,,,,,,,,,,,,,,,,,,,,,,,,,,,,,,,,,,,,,,,,,,,,,,,,,,,,,,,,,,,,,,,,,,,,,,,,,,,,,,,,,,,,,,,,,,,,,,,,,,,,,,,,,,,,,,,,,,,,,,,,,,,,,,,,,,,,,,,,,,,,,,,,,,,,,,,,,,,,,,,,,,,,,,,,,,,,,,,,,,,,,,,,,,,,,,,,,,,,,,,,,,,,,,,,,,,,,,,,,,,,,,,,,,,,,,,,,,,,,,,,,,,,,,,,,,,,,,,,,,,,,,,,,,,,,,,,,,,,,,,,,,,,,,,,,,,,,,,,,,,,,,,,,,,,,,,,,,,,,,,,,,,,,,,,,,,,,,,,,,,,,,,,,,,,,,,,,,,,,,,,,,,,,,,,,,,,,,,,,,,,,,,,,,,,,
南古谷,発,511,,,540,554,,630,,641,,656,,,710,,,,726,,742,,,,,,758,,813,,,,,,828,,843,,,,,,,900,,,,917,,,,,,,937,,,,,,,955,,,,,,1011,,,,1033,,,,,1050,,,,,1110,,,,,1130,,,,1150,,,,1210,,,,1230,,,1250,,,,1311,,,,1330,,,1350,,,,1410,,,,1430,,,1450,,,,1510,,,,1530,,,1550,,,,1610,,,,1630,,,1650,,,,1710,,,,1730,,,,,1750,,,,,1810,,,1840,,1830,,,,,1850,,,,,1910,,,1940,,1930,,,,,1950,,,,,2010,,,,2040,2030,,,,,2050,,,,,2112,,,,2140,2130,,,,,2150,,,,2217,2206,,,,2238,2227,,,,2259,2248,,,,2319,2309,,,,2347,,2331,,,1,,,2417,,2428,,,2441,,,,,,,,,,,,,,,,,,,,,,,,,,,,,,,,,,,,,,,,,,,,,,,,,,,,,,,,,,,,,,,,,,,,,,,,,,,,,,,,,,,,,,,,,,,,,,,,,,,,,,,,,,,,,,,,,,,,,,,,,,,,,,,,,,,,,,,,,,,,,,,,,,,,,,,,,,,,,,,,,,,,,,,,,,,,,,,,,,,,,,,,,,,,,,,,,,,,,,,,,,,,,,,,,,,,,,,,,,,,,,,,,,,,,,,,,,,,,,,,,,,,,,,,,,,,,,,,,,,,,,,,,,,,,,,,,,,,,,,,,,,,,,,,,,,,,,,,,,,,,,,,,,,,,,,,,,,,,,,,,,,,,,,,,,,,,,,,,,,,,,,,,,,,,,,,,,,,,,,,,,,,,,,,,,,,,,,,,,,,,,,,,,,,,,,,,,,,,,,,,,,,,,,,,,,,,,,,,,,,
川越,着,515,,,544,558,,634,,646,,700,,,715,,,,730,,746,,,,,,803,,818,,,,,,832,,847,,,,,,,904,,,,921,,,,,,,941,,,,,,,959,,,,,,1016,,,,1037,,,,,1054,,,,,1114,,,,,1134,,,,1154,,,,1214,,,,1234,,,1254,,,,1315,,,,1334,,,1354,,,,1414,,,,1434,,,1454,,,,1514,,,,1534,,,1554,,,,1614,,,,1634,,,1654,,,,1714,,,,1734,,,,,1754,,,,,1814,,,1844,,1834,,,,,1854,,,,,1914,,,1944,,1934,,,,,1954,,,,,2014,,,,2044,2034,,,,,2054,,,,,2116,,,,2144,2134,,,,,2154,,,,2222,2210,,,,2242,2231,,,,2303,2252,,,,2323,2313,,,,2351,,2335,,,5,,,2421,,2433,,,2446,,,,,,,,,,,,,,,,,,,,,,,,,,,,,,,,,,,,,,,,,,,,,,,,,,,,,,,,,,,,,,,,,,,,,,,,,,,,,,,,,,,,,,,,,,,,,,,,,,,,,,,,,,,,,,,,,,,,,,,,,,,,,,,,,,,,,,,,,,,,,,,,,,,,,,,,,,,,,,,,,,,,,,,,,,,,,,,,,,,,,,,,,,,,,,,,,,,,,,,,,,,,,,,,,,,,,,,,,,,,,,,,,,,,,,,,,,,,,,,,,,,,,,,,,,,,,,,,,,,,,,,,,,,,,,,,,,,,,,,,,,,,,,,,,,,,,,,,,,,,,,,,,,,,,,,,,,,,,,,,,,,,,,,,,,,,,,,,,,,,,,,,,,,,,,,,,,,,,,,,,,,,,,,,,,,,,,,,,,,,,,,,,,,,,,,,,,,,,,,,,,,,,,,,,,,,,,,,,,,,